Order ID,Order Date,Customer,Area,Restaurant Name,Amount,Delivery Time
ORD-00001,01/01/2026,C0014,Tajganj,Agra Tandoor House,531.00,45
ORD-00002,01/01/2026,C0064,Shahganj,Agra Tandoor House,₹625,31 min
ORD-00003,2026-01-01,C0518,Sikandra,Southern Spice,371.00,31
ORD-00004,2026-01-01,C0564,Shahganj,MAMAS KITCHEN,₹310,25
ORD-00005,01/01/2026,C0767,Sikandra,Green Bowl Salads,₹379,35
ORD-00006,2026-01-01,C0867,Shahganj,mamas kitchen ,₹262,36 min
ORD-00007,01/01/2026,C0962,kamla nagar ,Agra Tandoor House,446.00,16
ORD-00008,2026-01-01,C0970,Shahganj,Southern Spice,₹339,43
ORD-00009,2026-01-02,C0230,Kamla Nagar,Agra Tandoor House,₹391,20
ORD-00010,2026-01-02,C0647,Shahganj,Taj Biryani Co,₹402,34
ORD-00011,2026-01-02,C0758,sikandra ,Agra Tandoor House,₹522,40 min
ORD-00012,2026-01-03,C0013,Sikandra,Taj Biryani Co,₹586,33
ORD-00013,03/01/2026,C0207,Tajganj,Kamla Nagar Chaat Corner,₹190,42
ORD-00014,2026-01-03,C0440,shahganj ,Crust & Co Pizza,₹400,39
ORD-02709,2026-05-20,C1053,shahganj ,Taj Biryani Co,326,54
ORD-00015,2026-01-03,C0565,Kamla Nagar,Petha Point Cafe,238,29 min
,2026-01-03,C0624,Sikandra,Agra Tandoor House,403,40
ORD-00017,2026-01-03,C0641,Balkeshwar,Taj Biryani Co,₹398,29
ORD-00018,2026-01-03,C0854,Tajganj,Southern Spice,₹263,33
ORD-00019,2026-01-04,C0029,Civil Lines,Southern Spice,₹273,28
ORD-00020,Jan 04 2026,C0049,Sikandra,Crust & Co Pizza,290.00,38
ORD-00021,2026-01-04,C0153,shahganj ,Agra Tandoor House,₹390,34 min
ORD-00022,Jan 04 2026,C0291,Sikandra,Taj Biryani Co,₹381,26
ORD-00023,2026-01-04,C0318,SIKANDRA,Taj Biryani Co,199,31
ORD-01420,2026-03-24,C0235,Tajganj,mamas kitchen ,294,27
ORD-00024,04/01/2026,C0590,TAJGANJ,Southern Spice,260,33
ORD-00025,Jan 04 2026,C0998,Kamla Nagar,Mama's Kitchen - Agra,407,30
ORD-00026,05/01/2026,C0970,Shahganj,Kamla Nagar Chaat Corner,210,34 min
ORD-00027,2026-01-05,C1037,shahganj ,Petha Point Cafe,150.00,
ORD-00028,2026-01-06,C0165,Shahganj,Green Bowl Salads,323.00,43
ORD-00029,Jan 06 2026,C0267,Dayalbagh,Kamla Nagar Chaat Corner,₹137,34
ORD-00030,2026-01-06,C0673,Sanjay Place,Taj Biryani Co,₹289,40
ORD-00031,2026-01-06,C0873,Sikandra,Taj Biryani Co,222,32
ORD-00032,06/01/2026,C0967,Sanjay Place,Kamla Nagar Chaat Corner,150.00,32
ORD-00033,Jan 06 2026,C1072,Civil Lines,Taj Biryani Co,₹393,26
ORD-00034,Jan 07 2026,C0222,Shahganj,Southern Spice,287,27
ORD-00035,2026-01-07,C0473,Kamla Nagar,Petha Point Cafe,₹204,27
ORD-00036,07/01/2026,C0588,Shahganj,Crust & Co Pizza,468,25 min
ORD-00037,2026-01-07,C0729,Balkeshwar,Kamla Nagar Chaat Corner,₹108,38
ORD-00038,2026-01-07,C0842,KAMLA NAGAR,Crust & Co Pizza,₹555,30
ORD-00039,07/01/2026,C0847,Shahganj,Crust & Co Pizza,₹344,20
ORD-00040,07/01/2026,C0902,Civil Lines,mamas kitchen ,358.00,30
ORD-00041,07/01/2026,C0929,Tajganj,Agra Tandoor House,457.00,33
ORD-00042,2026-01-08,C0303,Kamla Nagar,Taj Biryani Co,,28
ORD-00043,2026-01-08,C0348,SIKANDRA,Crust & Co Pizza,460,35
ORD-00044,2026-01-08,C0401,Civil Lines,Taj Biryani Co,₹336,20 min
ORD-00045,2026-01-08,C0553,Sanjay Place,Mama's Kitchen - Agra,290,33
ORD-00046,2026-01-08,C0680,Shahganj,Taj Biryani Co,281,42
ORD-00047,2026-01-08,C0681,Sikandra,Crust & Co Pizza,312.00,46 min
ORD-00048,2026-01-08,C0959,BALKESHWAR,Taj Biryani Co,398,16
ORD-00049,09/01/2026,C0107,SIKANDRA,Agra Tandoor House,₹380,36
ORD-00050,2026-01-09,C0121,Shahganj,MAMAS KITCHEN,₹312,32
ORD-00051,2026-01-09,C0518,Sikandra,Taj Biryani Co,294,21 min
ORD-00052,Jan 09 2026,C0527,SHAHGANJ,Agra Tandoor House,460,38
ORD-00053,2026-01-09,C1033,Sikandra,Mama's Kitchen,316,38
ORD-00054,2026-01-10,C0048,Balkeshwar,mamas kitchen ,320,34
ORD-00055,2026-01-10,C0064,Shahganj,mamas kitchen ,394.00,38
ORD-00056,2026-01-10,C0156,Kamla Nagar,Petha Point Cafe,243.00,25 min
ORD-00057,2026-01-10,C0394,SHAHGANJ,Taj Biryani Co,₹213,34 min
ORD-00058,2026-01-10,C0618,Tajganj,Southern Spice,262.00,22 min
ORD-00059,10/01/2026,C0635,KAMLA NAGAR,Green Bowl Salads,₹253,29
ORD-00060,10/01/2026,C0673,Sanjay Place,MAMAS KITCHEN,₹336,36
ORD-00061,2026-01-10,C0679,SIKANDRA,Mama's Kitchen - Agra,₹423,25
ORD-00062,2026-01-10,C0886,Kamla Nagar,Southern Spice,₹307,15
ORD-00063,2026-01-10,C1017,Tajganj,Mama's Kitchen,₹372,28
ORD-00064,11/01/2026,C0070,Sanjay Place,Taj Biryani Co,₹288,32 min
ORD-00065,11/01/2026,C0073,Shahganj,Agra Tandoor House,270,36
ORD-00066,2026-01-11,C0266,kamla nagar ,Crust & Co Pizza,₹368,30
ORD-00067,Jan 11 2026,C0535,Shahganj,Kamla Nagar Chaat Corner,₹111,24
ORD-00068,2026-01-11,C0645,Sikandra,MAMAS KITCHEN,480.00,48
ORD-00069,11/01/2026,C0746,Shahganj,Kamla Nagar Chaat Corner,₹84,41
ORD-00070,2026-01-11,C0758,Sikandra,Taj Biryani Co,₹325,34
ORD-00071,2026-01-11,C0787,Dayalbagh,Southern Spice,₹251,31
ORD-00072,2026-01-11,C0815,Shahganj,Mama's Kitchen - Agra,₹340,33 min
ORD-00073,Jan 11 2026,C1004,Balkeshwar,Agra Tandoor House,,16
ORD-00074,2026-01-11,C1061,Dayalbagh,Mama's Kitchen,346,20
ORD-00075,11/01/2026,C1072,Civil Lines,Taj Biryani Co,267.00,26
ORD-00076,2026-01-11,C1081,Shahganj,Agra Tandoor House,303.00,45
ORD-00077,2026-01-12,C0199,Shahganj,Agra Tandoor House,323.00,44
ORD-00078,12/01/2026,C0239,Dayalbagh,MAMAS KITCHEN,₹407,37
ORD-00079,2026-01-12,C0474,Sikandra,Green Bowl Salads,₹280,23
ORD-00080,12/01/2026,C0564,shahganj ,Mama's Kitchen - Agra,₹378,38
ORD-00081,12/01/2026,C0832,Shahganj,Crust & Co Pizza,397,30
ORD-00082,2026-01-12,C0998,Kamla Nagar,Mama's Kitchen,319,23
ORD-00083,2026-01-13,C0011,Sikandra,Kamla Nagar Chaat Corner,₹143,
ORD-00084,2026-01-13,C0013,Sikandra,Taj Biryani Co,369.00,38
ORD-00085,2026-01-13,C0177,TAJGANJ,Agra Tandoor House,334.00,13
ORD-00086,13/01/2026,C0387,Dayalbagh,Crust & Co Pizza,₹381,43
ORD-00087,2026-01-13,C0410,Sikandra,Green Bowl Salads,269.00,38
ORD-00088,Jan 13 2026,C0791,Civil Lines,Crust & Co Pizza,617,39
ORD-00089,13/01/2026,C0847,Shahganj,Agra Tandoor House,₹367,20
ORD-00090,2026-01-13,C0929,Tajganj,Crust & Co Pizza,448.00,35 min
ORD-00091,2026-01-13,C1037,Shahganj,MAMAS KITCHEN,₹295,33 min
ORD-00092,2026-01-14,C0067,Sanjay Place,Green Bowl Salads,₹235,27
ORD-00093,14/01/2026,C0093,Sanjay Place,Petha Point Cafe,₹199,39
ORD-00094,14/01/2026,C0094,DAYALBAGH,Petha Point Cafe,₹210,40
ORD-00095,14/01/2026,C0125,Civil Lines,Mama's Kitchen,442,35
ORD-00096,14/01/2026,C0230,KAMLA NAGAR,Southern Spice,330.00,39
ORD-00097,2026-01-14,C0314,Sikandra,Kamla Nagar Chaat Corner,₹150,
ORD-00098,Jan 14 2026,C0401,CIVIL LINES,Mama's Kitchen,390.00,31
ORD-00099,2026-01-14,C0415,Sikandra,Mama's Kitchen - Agra,₹255,29
ORD-00100,14/01/2026,C0502,Shahganj,Kamla Nagar Chaat Corner,136.00,38
ORD-00101,2026-01-14,C0543,SIKANDRA,Crust & Co Pizza,371,31
ORD-00102,14/01/2026,C0565,KAMLA NAGAR,Taj Biryani Co,334,31
ORD-00103,Jan 14 2026,C0592,Shahganj,Agra Tandoor House,₹173,42 min
ORD-00104,14/01/2026,C0647,Shahganj,Taj Biryani Co,₹348,23
ORD-00105,Jan 14 2026,C0816,Shahganj,Taj Biryani Co,₹233,29
ORD-00106,2026-01-14,C0827,SHAHGANJ,Mama's Kitchen,₹347,33
ORD-00107,14/01/2026,C0850,Balkeshwar,Taj Biryani Co,₹326,40
ORD-00108,2026-01-14,C0890,CIVIL LINES,Kamla Nagar Chaat Corner,191.00,24
ORD-00109,2026-01-15,C0499,balkeshwar ,Agra Tandoor House,299,27
ORD-00110,2026-01-15,C0518,Sikandra,MAMAS KITCHEN,333.00,29
ORD-00111,Jan 15 2026,C0901,Sanjay Place,Green Bowl Salads,₹353,24
ORD-00112,2026-01-15,C1072,Civil Lines,Kamla Nagar Chaat Corner,₹191,28
ORD-00113,2026-01-16,C0039,Sikandra,Mama's Kitchen,339,24
ORD-00114,2026-01-16,C0564,Shahganj,Kamla Nagar Chaat Corner,₹143,34
ORD-00115,2026-01-16,C0620,Dayalbagh,Crust & Co Pizza,₹418,37 min
ORD-00116,Jan 16 2026,C0641,Balkeshwar,Taj Biryani Co,318.00,28
ORD-00117,16/01/2026,C0681,Sikandra,Southern Spice,320,35
ORD-00118,Jan 16 2026,C0688,Sikandra,Crust & Co Pizza,496.00,
ORD-00119,16/01/2026,C0873,Sikandra,MAMAS KITCHEN,378.00,35 min
ORD-00120,2026-01-16,C0881,SIKANDRA,Taj Biryani Co,₹374,31 min
ORD-00121,16/01/2026,C0957,Kamla Nagar,Agra Tandoor House,462.00,30
ORD-00122,2026-01-16,C0981,Civil Lines,mamas kitchen ,₹347,20
ORD-00123,2026-01-16,C1067,Shahganj,Taj Biryani Co,₹236,31 min
ORD-00124,2026-01-17,C0060,DAYALBAGH,Kamla Nagar Chaat Corner,₹93,33
ORD-02509,2026-05-11,C0723,Dayalbagh,Mama's Kitchen - Agra,₹251,36
ORD-00125,2026-01-17,C0224,Shahganj,Mama's Kitchen - Agra,369.00,43
ORD-00126,2026-01-17,C0297,CIVIL LINES,Green Bowl Salads,₹286,33
ORD-00127,17/01/2026,C0318,SIKANDRA,Agra Tandoor House,482,35
ORD-00128,Jan 17 2026,C0434,Sanjay Place,mamas kitchen ,377,34
ORD-00129,2026-01-17,C0485,BALKESHWAR,Taj Biryani Co,210,25
ORD-00130,Jan 17 2026,C0815,Shahganj,Crust & Co Pizza,₹391,46
ORD-00131,Jan 17 2026,C0820,SIKANDRA,MAMAS KITCHEN,₹211,32
ORD-00132,17/01/2026,C0842,Kamla Nagar,Mama's Kitchen,329,20
ORD-00133,17/01/2026,C0905,Dayalbagh,Mama's Kitchen - Agra,₹428,24
ORD-00134,Jan 17 2026,C0959,Balkeshwar,Taj Biryani Co,₹294,31
ORD-00135,17/01/2026,C1045,Shahganj,Taj Biryani Co,328.00,35 min
ORD-00136,2026-01-17,C1063,Kamla Nagar,Crust & Co Pizza,₹597,38
ORD-00137,Jan 18 2026,C0083,Civil Lines,Agra Tandoor House,346,21
ORD-00138,2026-01-18,C0121,Shahganj,mamas kitchen ,293,28
ORD-00139,2026-01-18,C0158,Sikandra,Southern Spice,334,24
ORD-00140,2026-01-18,C0431,DAYALBAGH,Agra Tandoor House,₹291,22 min
ORD-00141,2026-01-18,C0459,Sikandra,Green Bowl Salads,503,40
ORD-00142,2026-01-18,C0473,Kamla Nagar,Agra Tandoor House,262,24 min
ORD-00143,2026-01-18,C0553,sanjay place ,Kamla Nagar Chaat Corner,₹104,40
ORD-00144,18/01/2026,C0557,Shahganj,Taj Biryani Co,359,27 min
ORD-00145,18/01/2026,C0773,Balkeshwar,Taj Biryani Co,199.00,33
ORD-00146,2026-01-18,C0922,Tajganj,Crust & Co Pizza,,34
ORD-00147,18/01/2026,C1003,Shahganj,Kamla Nagar Chaat Corner,₹133,36 min
ORD-00148,19/01/2026,C0014,Tajganj,Petha Point Cafe,174.00,31 min
ORD-00149,2026-01-19,C0225,Sikandra,Crust & Co Pizza,₹486,39
ORD-00150,2026-01-19,C0330,Dayalbagh,Taj Biryani Co,152,32
ORD-00151,2026-01-19,C0348,Sikandra,Agra Tandoor House,423.00,52
ORD-00152,2026-01-19,C0401,Civil Lines,Kamla Nagar Chaat Corner,98,19
ORD-00153,2026-01-19,C0499,BALKESHWAR,Agra Tandoor House,₹344,24
ORD-00154,2026-01-19,C0670,Shahganj,Agra Tandoor House,₹374,26
ORD-00155,2026-01-19,C0832,Shahganj,Petha Point Cafe,₹138,24
ORD-00156,2026-01-19,C0847,Shahganj,Kamla Nagar Chaat Corner,₹82,35 min
ORD-00157,19/01/2026,C0883,Kamla Nagar,Petha Point Cafe,₹183,27 min
ORD-00158,Jan 19 2026,C0939,shahganj ,Taj Biryani Co,205.00,38
ORD-00159,19/01/2026,C0985,Sikandra,Petha Point Cafe,₹111,22
ORD-00160,2026-01-19,C1058,Tajganj,Taj Biryani Co,462,35
ORD-00161,20/01/2026,C0073,Shahganj,Agra Tandoor House,₹437,30
ORD-00162,2026-01-20,C0119,SHAHGANJ,Green Bowl Salads,229,23
ORD-00163,Jan 20 2026,C0123,sanjay place ,Agra Tandoor House,252,27
ORD-00164,Jan 20 2026,C0349,Sikandra,MAMAS KITCHEN,288,35
ORD-00165,2026-01-20,C0425,Sikandra,Southern Spice,279.00,39
ORD-00166,Jan 20 2026,C0559,Shahganj,MAMAS KITCHEN,₹369,43
ORD-00167,2026-01-20,C0592,shahganj ,Mama's Kitchen,₹400,32
ORD-00168,2026-01-20,C0818,Sikandra,Green Bowl Salads,₹389,23
ORD-00169,20/01/2026,C0877,Shahganj,Mama's Kitchen,₹422,37
ORD-00170,2026-01-20,C0963,Balkeshwar,Agra Tandoor House,382.00,30
ORD-00171,2026-01-20,C1062,Sikandra,Agra Tandoor House,₹353,41
ORD-00172,20/01/2026,C1073,Dayalbagh,Kamla Nagar Chaat Corner,₹110,33
ORD-00173,2026-01-21,C0074,Civil Lines,Petha Point Cafe,206,36 min
ORD-00174,2026-01-21,C0080,SANJAY PLACE,Agra Tandoor House,564,34 min
ORD-00175,2026-01-21,C0092,Tajganj,Mama's Kitchen - Agra,230.00,26
ORD-00176,Jan 21 2026,C0310,SIKANDRA,Mama's Kitchen - Agra,₹582,31
ORD-00177,2026-01-21,C0391,Shahganj,Crust & Co Pizza,₹251,24
ORD-00178,Jan 21 2026,C0742,tajganj ,Mama's Kitchen,405.00,38
ORD-00179,21/01/2026,C0816,Shahganj,Southern Spice,₹317,30
ORD-00180,2026-01-21,C0886,Kamla Nagar,Kamla Nagar Chaat Corner,₹80,26
ORD-00181,21/01/2026,C0970,SHAHGANJ,Mama's Kitchen - Agra,302.00,38
ORD-00182,22/01/2026,C0136,Shahganj,Kamla Nagar Chaat Corner,139,38 min
ORD-00183,2026-01-22,C0241,Shahganj,Mama's Kitchen - Agra,₹244,34 min
ORD-00184,2026-01-22,C0379,BALKESHWAR,Mama's Kitchen,₹281,41 min
ORD-00185,22/01/2026,C0590,Tajganj,Mama's Kitchen,₹267,39
ORD-00186,2026-01-22,C0596,Sikandra,Green Bowl Salads,₹298,27
ORD-00187,2026-01-22,C0731,Sikandra,mamas kitchen ,₹392,28 min
ORD-00188,2026-01-22,C0887,SHAHGANJ,Agra Tandoor House,₹252,36
ORD-00189,2026-01-22,C1100,Sikandra,Mama's Kitchen,₹442,35 min
ORD-00190,2026-01-23,C0039,Sikandra,Taj Biryani Co,292,40
ORD-00191,23/01/2026,C0049,Sikandra,Crust & Co Pizza,406,43
ORD-00192,23/01/2026,C0071,Civil Lines,Taj Biryani Co,₹387,36 min
ORD-02815,2026-05-26,C0187,tajganj ,Taj Biryani Co,267,36 min
,2026-01-23,C0193,CIVIL LINES,Mama's Kitchen,401,26
ORD-00194,23/01/2026,C0247,sanjay place ,Mama's Kitchen,360.00,32
ORD-00195,Jan 23 2026,C0261,dayalbagh ,Taj Biryani Co,278.00,35
ORD-00196,23/01/2026,C0291,Sikandra,MAMAS KITCHEN,₹253,34
ORD-00197,Jan 23 2026,C0307,Civil Lines,Petha Point Cafe,₹138,26
ORD-00198,2026-01-23,C0331,Dayalbagh,Taj Biryani Co,₹162,29
ORD-00199,Jan 23 2026,C0392,SHAHGANJ,Mama's Kitchen,351.00,34
ORD-00200,23/01/2026,C0396,SHAHGANJ,Kamla Nagar Chaat Corner,₹167,36
ORD-00201,23/01/2026,C0518,Sikandra,MAMAS KITCHEN,₹302,40
ORD-00202,2026-01-23,C0543,SIKANDRA,Taj Biryani Co,₹300,37
ORD-00203,2026-01-23,C0967,sanjay place ,Southern Spice,₹265,24
ORD-00204,2026-01-23,C0971,Shahganj,Taj Biryani Co,₹217,20
ORD-00205,2026-01-23,C0972,Sikandra,Agra Tandoor House,225,38
ORD-00206,Jan 23 2026,C0991,Kamla Nagar,Mama's Kitchen - Agra,₹349,25
ORD-00207,23/01/2026,C1017,Tajganj,MAMAS KITCHEN,₹371,27 min
ORD-00208,2026-01-23,C1026,Civil Lines,Taj Biryani Co,314.00,28
ORD-00209,2026-01-23,C1028,Kamla Nagar,Mama's Kitchen,358,36
ORD-00210,2026-01-23,C1037,shahganj ,Green Bowl Salads,₹246,25
ORD-00211,2026-01-24,C0011,Sikandra,MAMAS KITCHEN,359,40
ORD-00212,2026-01-24,C0013,Sikandra,Agra Tandoor House,453,44
ORD-00213,2026-01-24,C0041,balkeshwar ,Taj Biryani Co,260,34
ORD-00214,2026-01-24,C0060,DAYALBAGH,mamas kitchen ,306,39
ORD-00215,2026-01-24,C0067,Sanjay Place,MAMAS KITCHEN,385,26
ORD-00216,2026-01-24,C0153,Shahganj,Agra Tandoor House,₹324,21
,24/01/2026,C0156,Kamla Nagar,Agra Tandoor House,428,28
ORD-00218,2026-01-24,C0158,Sikandra,Petha Point Cafe,₹210,33
ORD-00219,2026-01-24,C0266,Kamla Nagar,mamas kitchen ,379,27
ORD-00220,24/01/2026,C0290,Balkeshwar,Agra Tandoor House,₹289,17
ORD-00221,2026-01-24,C0485,Balkeshwar,Crust & Co Pizza,₹460,41 min
ORD-00222,2026-01-24,C0620,Dayalbagh,Mama's Kitchen - Agra,₹199,23
ORD-00223,24/01/2026,C0673,Sanjay Place,Petha Point Cafe,162,27
ORD-00224,24/01/2026,C0709,balkeshwar ,MAMAS KITCHEN,376,51 min
ORD-00225,2026-01-24,C0881,SIKANDRA,Southern Spice,₹370,34
ORD-00226,Jan 24 2026,C0937,Shahganj,Agra Tandoor House,₹147,23
ORD-00227,2026-01-24,C0960,Sikandra,Agra Tandoor House,417.00,30
ORD-00228,2026-01-24,C1058,Tajganj,Crust & Co Pizza,549.00,27
ORD-00229,Jan 24 2026,C1064,Sikandra,Taj Biryani Co,285,
ORD-00230,25/01/2026,C0057,kamla nagar ,Southern Spice,226,26
ORD-00231,Jan 25 2026,C0225,Sikandra,Mama's Kitchen,,36
ORD-00232,2026-01-25,C0276,Kamla Nagar,MAMAS KITCHEN,392.00,36 min
ORD-00233,2026-01-25,C0303,KAMLA NAGAR,Taj Biryani Co,272.00,17
ORD-00234,2026-01-25,C0484,Shahganj,Crust & Co Pizza,₹470,40 min
ORD-00235,2026-01-25,C0647,Shahganj,Mama's Kitchen,,35 min
ORD-00236,2026-01-25,C0922,Tajganj,Southern Spice,365.00,34
ORD-00237,2026-01-26,C0038,Tajganj,Green Bowl Salads,303,36
ORD-00238,26/01/2026,C0076,Sikandra,Taj Biryani Co,₹193,30
ORD-00239,Jan 26 2026,C0199,SHAHGANJ,Taj Biryani Co,₹303,30
ORD-00240,2026-01-26,C0488,Dayalbagh,Kamla Nagar Chaat Corner,159,32
ORD-00241,2026-01-26,C0490,Shahganj,Southern Spice,335,48
ORD-00242,2026-01-26,C0796,Shahganj,Agra Tandoor House,₹455,36
ORD-00243,2026-01-26,C0803,Shahganj,Kamla Nagar Chaat Corner,₹111,33
ORD-00244,26/01/2026,C0929,Tajganj,Petha Point Cafe,₹234,37
ORD-00245,2026-01-26,C0980,Shahganj,Green Bowl Salads,370,33
ORD-00246,26/01/2026,C1005,Balkeshwar,Crust & Co Pizza,₹473,29
ORD-00247,26/01/2026,C1063,Kamla Nagar,Crust & Co Pizza,358.00,
ORD-00248,2026-01-27,C0014,Tajganj,Petha Point Cafe,₹210,23
ORD-00249,2026-01-27,C0086,Civil Lines,Mama's Kitchen - Agra,₹299,40
ORD-00250,Jan 27 2026,C0258,Sikandra,Agra Tandoor House,433,41 min
ORD-00251,2026-01-27,C0261,DAYALBAGH,Petha Point Cafe,₹181,27
ORD-00252,27/01/2026,C0329,Tajganj,Crust & Co Pizza,₹478,29
ORD-00253,2026-01-27,C0446,shahganj ,Kamla Nagar Chaat Corner,₹180,45
ORD-00254,2026-01-27,C0513,Sikandra,Taj Biryani Co,₹342,30 min
ORD-00255,2026-01-27,C0542,Shahganj,Mama's Kitchen,₹376,32
ORD-00256,27/01/2026,C0565,Kamla Nagar,Southern Spice,221,30
ORD-00257,27/01/2026,C0596,SIKANDRA,Petha Point Cafe,137,41
ORD-00258,27/01/2026,C0635,Kamla Nagar,Agra Tandoor House,419,19
ORD-00259,2026-01-27,C0670,Shahganj,Petha Point Cafe,₹128,29
ORD-00260,2026-01-27,C0679,sikandra ,Crust & Co Pizza,363,35 min
ORD-00261,27/01/2026,C0688,Sikandra,Taj Biryani Co,₹364,39 min
ORD-00262,2026-01-27,C0706,Civil Lines,Crust & Co Pizza,₹287,24
ORD-00263,2026-01-27,C0746,Shahganj,Taj Biryani Co,₹390,28
ORD-00264,2026-01-27,C0842,KAMLA NAGAR,Mama's Kitchen,₹426,34
ORD-00265,2026-01-27,C0878,Kamla Nagar,Kamla Nagar Chaat Corner,143.00,47
ORD-00266,2026-01-27,C0887,shahganj ,Kamla Nagar Chaat Corner,117,35
ORD-00267,2026-01-27,C0959,Balkeshwar,Mama's Kitchen,345.00,30
ORD-00268,2026-01-28,C0065,Sanjay Place,Taj Biryani Co,346,30 min
ORD-00269,28/01/2026,C0070,sanjay place ,Petha Point Cafe,₹168,24
ORD-00312,2026-01-31,C0474,Sikandra,Taj Biryani Co,₹294,31
ORD-00270,2026-01-28,C0273,Sanjay Place,Crust & Co Pizza,280.00,26
ORD-00271,Jan 28 2026,C0477,dayalbagh ,Taj Biryani Co,₹233,29
ORD-00272,28/01/2026,C0527,Shahganj,Mama's Kitchen,,33
ORD-00273,Jan 28 2026,C0572,Sikandra,Agra Tandoor House,₹421,36 min
ORD-00274,2026-01-28,C0651,SIKANDRA,Kamla Nagar Chaat Corner,₹129,24
ORD-00275,2026-01-28,C0771,SANJAY PLACE,Mama's Kitchen - Agra,₹413,40
ORD-00276,28/01/2026,C1003,Shahganj,Green Bowl Salads,279.00,34 min
ORD-00277,2026-01-28,C1061,Dayalbagh,Agra Tandoor House,279.00,20
ORD-00278,2026-01-29,C0004,Shahganj,Mama's Kitchen,₹291,24 min
ORD-00279,2026-01-29,C0049,Sikandra,Southern Spice,337,22
ORD-00280,29/01/2026,C0071,Civil Lines,Taj Biryani Co,₹293,37 min
ORD-00281,2026-01-29,C0202,Shahganj,Southern Spice,242.00,30 min
ORD-00282,2026-01-29,C0205,Kamla Nagar,Mama's Kitchen - Agra,502,29
ORD-00283,2026-01-29,C0319,Kamla Nagar,Kamla Nagar Chaat Corner,₹149,39 min
ORD-00284,Jan 29 2026,C0353,sikandra ,Taj Biryani Co,244.00,33
ORD-00285,2026-01-29,C0370,DAYALBAGH,Petha Point Cafe,157.00,31
ORD-00286,2026-01-29,C0394,Shahganj,Mama's Kitchen,₹450,34
ORD-00287,29/01/2026,C0447,Kamla Nagar,MAMAS KITCHEN,336,24
ORD-00288,2026-01-29,C0547,Sikandra,Taj Biryani Co,₹288,31
ORD-00289,29/01/2026,C0615,Shahganj,Green Bowl Salads,388,26
ORD-00290,2026-01-29,C0618,Tajganj,Mama's Kitchen,458,33
ORD-00291,2026-01-29,C0729,Balkeshwar,Crust & Co Pizza,,24 min
ORD-00292,29/01/2026,C1016,Tajganj,Taj Biryani Co,290.00,28 min
ORD-00313,Jan 31 2026,C0543,Sikandra,Taj Biryani Co,₹225,24
ORD-00293,2026-01-30,C0094,dayalbagh ,Mama's Kitchen - Agra,₹542,34
ORD-00294,2026-01-30,C0217,SIKANDRA,Crust & Co Pizza,291,29 min
ORD-00295,Jan 30 2026,C0314,SIKANDRA,Taj Biryani Co,127.00,36 min
ORD-00296,2026-01-30,C0325,Shahganj,Taj Biryani Co,₹337,28 min
ORD-00297,2026-01-30,C0396,Shahganj,Crust & Co Pizza,,30
ORD-00298,30/01/2026,C0415,SIKANDRA,Green Bowl Salads,282.00,39
ORD-00299,2026-01-30,C0541,Civil Lines,Green Bowl Salads,₹222,33
ORD-00300,2026-01-30,C0574,Dayalbagh,Mama's Kitchen,415.00,25
ORD-00301,2026-01-30,C0579,sikandra ,Mama's Kitchen - Agra,₹263,35
ORD-00302,Jan 30 2026,C0592,Shahganj,Mama's Kitchen - Agra,345,31
ORD-00303,2026-01-30,C0774,Sikandra,Mama's Kitchen,327.00,16
ORD-00304,2026-01-30,C0816,SHAHGANJ,Petha Point Cafe,201.00,43
ORD-00305,2026-01-30,C0868,Shahganj,Southern Spice,₹266,25
ORD-00306,30/01/2026,C0913,Kamla Nagar,Mama's Kitchen,,21
ORD-00307,2026-01-30,C0970,Shahganj,Mama's Kitchen,₹395,27
ORD-00308,2026-01-30,C0981,CIVIL LINES,Mama's Kitchen,329,27
ORD-00309,2026-01-31,C0067,Sanjay Place,Crust & Co Pizza,249,25
ORD-00310,Jan 31 2026,C0290,Balkeshwar,Mama's Kitchen - Agra,316,29
ORD-00311,2026-01-31,C0446,Shahganj,Mama's Kitchen,₹407,32
ORD-00312,2026-01-31,C0474,Sikandra,Taj Biryani Co,₹294,31
ORD-00313,Jan 31 2026,C0543,Sikandra,Taj Biryani Co,₹225,24
ORD-00314,31/01/2026,C0622,shahganj ,Taj Biryani Co,270,48
ORD-00315,31/01/2026,C0633,Sikandra,Agra Tandoor House,233,29 min
ORD-00316,2026-01-31,C0818,SIKANDRA,Mama's Kitchen - Agra,343,27
ORD-00317,2026-01-31,C0959,Balkeshwar,Mama's Kitchen - Agra,₹271,36 min
ORD-00318,2026-01-31,C1002,Shahganj,Green Bowl Salads,₹343,34
ORD-00319,2026-01-31,C1004,Balkeshwar,Crust & Co Pizza,₹395,33 min
ORD-00320,2026-01-31,C1033,Sikandra,Crust & Co Pizza,553,
ORD-00321,2026-01-31,C1045,Shahganj,Mama's Kitchen,383,20
ORD-00322,2026-01-31,C1093,Sikandra,Agra Tandoor House,₹309,45
ORD-00323,2026-02-01,C0064,Shahganj,Agra Tandoor House,₹373,
ORD-00324,2026-02-01,C0070,Sanjay Place,Green Bowl Salads,373,46
ORD-00325,01/02/2026,C0083,Civil Lines,MAMAS KITCHEN,₹275,40
ORD-00326,01/02/2026,C0166,Sikandra,MAMAS KITCHEN,394,47 min
ORD-00327,2026-02-01,C0410,SIKANDRA,MAMAS KITCHEN,363.00,40 min
ORD-00328,01/02/2026,C0422,Tajganj,Taj Biryani Co,₹399,28
ORD-00329,Feb 01 2026,C0434,Sanjay Place,Agra Tandoor House,₹244,35 min
ORD-01593,31/03/2026,C0522,Dayalbagh,Agra Tandoor House,529,32
ORD-00330,2026-02-01,C0535,Shahganj,mamas kitchen ,327,43
ORD-00331,2026-02-01,C0553,Sanjay Place,Kamla Nagar Chaat Corner,144,26 min
ORD-00332,01/02/2026,C0557,Shahganj,Crust & Co Pizza,311,44
ORD-00333,2026-02-01,C0675,Sikandra,Southern Spice,210.00,44
ORD-00334,01/02/2026,C0771,Sanjay Place,Southern Spice,374,29 min
ORD-00335,01/02/2026,C0842,Kamla Nagar,mamas kitchen ,₹373,40
ORD-00336,2026-02-01,C0850,Balkeshwar,Petha Point Cafe,181,30
ORD-00337,Feb 01 2026,C0856,Shahganj,Southern Spice,205,32
ORD-00338,2026-02-01,C0881,Sikandra,mamas kitchen ,₹390,48
ORD-00339,2026-02-01,C0971,SHAHGANJ,Kamla Nagar Chaat Corner,144.00,34
ORD-00340,02/02/2026,C0026,Balkeshwar,Green Bowl Salads,135,28
ORD-00341,2026-02-02,C0041,Balkeshwar,Agra Tandoor House,₹334,26
ORD-00342,2026-02-02,C0107,Sikandra,Green Bowl Salads,₹182,49 min
ORD-00343,2026-02-02,C0475,Tajganj,Taj Biryani Co,₹449,38
ORD-00344,2026-02-02,C0605,Civil Lines,Taj Biryani Co,₹201,27
ORD-00345,2026-02-02,C0682,Dayalbagh,Mama's Kitchen,₹396,29
ORD-00346,02/02/2026,C0886,Kamla Nagar,Taj Biryani Co,309,35 min
ORD-00347,02/02/2026,C0901,Sanjay Place,Petha Point Cafe,163,45
ORD-00348,2026-02-02,C1016,tajganj ,Kamla Nagar Chaat Corner,₹120,34
ORD-00349,Feb 02 2026,C1063,Kamla Nagar,Kamla Nagar Chaat Corner,80,28 min
ORD-00350,03/02/2026,C0075,Sanjay Place,Petha Point Cafe,₹215,29
ORD-00351,03/02/2026,C0093,Sanjay Place,Taj Biryani Co,₹177,27
ORD-00352,Feb 03 2026,C0094,Dayalbagh,Taj Biryani Co,247,35
ORD-00353,03/02/2026,C0143,Kamla Nagar,Agra Tandoor House,₹319,18
ORD-00354,Feb 03 2026,C0147,Sanjay Place,Taj Biryani Co,324.00,34
ORD-00355,Feb 03 2026,C0353,sikandra ,MAMAS KITCHEN,269,44
ORD-00356,Feb 03 2026,C0387,DAYALBAGH,Green Bowl Salads,₹236,36
ORD-00357,2026-02-03,C0395,Balkeshwar,Southern Spice,₹249,24
ORD-00358,2026-02-03,C0482,Sikandra,Agra Tandoor House,₹406,25
ORD-00359,2026-02-03,C0512,Tajganj,Agra Tandoor House,403.00,33
ORD-00360,2026-02-03,C0556,Shahganj,Southern Spice,146.00,48
ORD-00361,Feb 03 2026,C0565,Kamla Nagar,Mama's Kitchen - Agra,₹289,38
ORD-00362,2026-02-03,C0579,Sikandra,Green Bowl Salads,241,49
ORD-00363,2026-02-03,C0587,Balkeshwar,Agra Tandoor House,383.00,31
ORD-00364,2026-02-03,C0618,TAJGANJ,Agra Tandoor House,₹472,40
ORD-00365,03/02/2026,C0620,Dayalbagh,Crust & Co Pizza,456.00,23
ORD-00366,Feb 03 2026,C0683,Shahganj,Agra Tandoor House,₹324,42
ORD-00367,03/02/2026,C0758,Sikandra,Agra Tandoor House,259.00,36
ORD-00368,Feb 03 2026,C0787,DAYALBAGH,Kamla Nagar Chaat Corner,₹144,36
ORD-00369,2026-02-03,C0791,Civil Lines,Mama's Kitchen,₹424,28
ORD-00370,2026-02-03,C0909,dayalbagh ,Mama's Kitchen - Agra,₹340,28 min
ORD-00371,Feb 03 2026,C0991,Kamla Nagar,Green Bowl Salads,₹296,41
ORD-00372,2026-02-03,C1081,SHAHGANJ,Petha Point Cafe,95.00,41 min
ORD-00373,Feb 04 2026,C0014,Tajganj,MAMAS KITCHEN,547.00,23
ORD-00374,04/02/2026,C0038,Tajganj,MAMAS KITCHEN,₹388,37
ORD-00375,2026-02-04,C0142,Sikandra,Green Bowl Salads,326,24 min
ORD-00376,2026-02-04,C0438,Shahganj,Crust & Co Pizza,384.00,47
ORD-00377,2026-02-04,C0473,Kamla Nagar,Kamla Nagar Chaat Corner,203.00,31 min
ORD-00378,2026-02-04,C0520,Sikandra,Green Bowl Salads,352.00,41
ORD-00379,2026-02-04,C0590,TAJGANJ,MAMAS KITCHEN,271,22
ORD-00380,2026-02-04,C0679,Sikandra,Crust & Co Pizza,444,35
ORD-00381,2026-02-04,C0822,Sikandra,Taj Biryani Co,₹224,36
ORD-00382,Feb 04 2026,C0929,Tajganj,Taj Biryani Co,₹172,31
ORD-00383,04/02/2026,C0938,shahganj ,Crust & Co Pizza,₹404,37
ORD-00384,Feb 04 2026,C0940,Sikandra,Agra Tandoor House,₹427,
ORD-00385,04/02/2026,C0957,Kamla Nagar,Mama's Kitchen - Agra,₹312,26 min
ORD-02094,2026-04-21,C0694,sikandra ,Kamla Nagar Chaat Corner,197.00,52
ORD-00386,2026-02-04,C0959,Balkeshwar,Taj Biryani Co,239.00,23
ORD-00387,2026-02-04,C1012,Sikandra,Mama's Kitchen - Agra,,37
ORD-00388,2026-02-05,C0081,Kamla Nagar,mamas kitchen ,182,33 min
ORD-00389,05/02/2026,C0154,Shahganj,Kamla Nagar Chaat Corner,₹197,54
ORD-00390,2026-02-05,C0190,Civil Lines,Crust & Co Pizza,216,12
ORD-00391,2026-02-05,C0276,Kamla Nagar,Agra Tandoor House,₹323,40
ORD-00392,05/02/2026,C0343,Sanjay Place,Southern Spice,230,29
ORD-00393,2026-02-05,C0415,Sikandra,Taj Biryani Co,271,42
ORD-00394,2026-02-05,C0422,TAJGANJ,Crust & Co Pizza,350,21
ORD-00395,2026-02-05,C0488,Dayalbagh,Green Bowl Salads,249,28
ORD-00396,2026-02-05,C0499,balkeshwar ,Taj Biryani Co,₹402,35
ORD-00397,05/02/2026,C0559,Shahganj,Mama's Kitchen,369.00,48
ORD-00398,2026-02-05,C0627,Shahganj,Taj Biryani Co,210,43
ORD-00399,05/02/2026,C0655,shahganj ,Mama's Kitchen,354,46
ORD-00400,2026-02-05,C0681,sikandra ,Mama's Kitchen,304,43
ORD-00401,2026-02-05,C0824,Shahganj,Green Bowl Salads,176,31
ORD-00402,2026-02-05,C0871,kamla nagar ,Agra Tandoor House,₹322,30
ORD-00403,Feb 05 2026,C0922,Tajganj,Petha Point Cafe,195,30
ORD-00404,05/02/2026,C0963,Balkeshwar,Taj Biryani Co,₹330,32
ORD-00405,2026-02-05,C0969,Civil Lines,Green Bowl Salads,304.00,25
ORD-00406,06/02/2026,C0026,Balkeshwar,MAMAS KITCHEN,376,
ORD-00407,2026-02-06,C0125,civil lines ,Taj Biryani Co,322.00,29
ORD-00408,06/02/2026,C0136,Shahganj,Kamla Nagar Chaat Corner,₹111,39
ORD-00409,Feb 06 2026,C0158,Sikandra,Crust & Co Pizza,₹424,46 min
ORD-00410,2026-02-06,C0502,SHAHGANJ,Mama's Kitchen,₹416,37
ORD-00411,2026-02-06,C0529,Shahganj,Crust & Co Pizza,563,54
ORD-00412,Feb 06 2026,C0574,Dayalbagh,Taj Biryani Co,363.00,24
ORD-00413,2026-02-06,C0638,Shahganj,Crust & Co Pizza,₹358,40
ORD-00414,2026-02-06,C0731,Sikandra,Mama's Kitchen,₹377,52
ORD-00415,2026-02-06,C0754,CIVIL LINES,Agra Tandoor House,339.00,22
ORD-00416,06/02/2026,C0799,Shahganj,mamas kitchen ,409,43
ORD-00417,2026-02-06,C0904,BALKESHWAR,Taj Biryani Co,463.00,14
ORD-00418,2026-02-06,C1022,Shahganj,Green Bowl Salads,365,35 min
ORD-00419,Feb 06 2026,C1026,Civil Lines,Agra Tandoor House,344,40 min
ORD-00420,2026-02-06,C1061,Dayalbagh,Crust & Co Pizza,₹393,21
ORD-00421,07/02/2026,C0071,Civil Lines,Mama's Kitchen - Agra,285,30
ORD-00422,Feb 07 2026,C0092,Tajganj,Petha Point Cafe,₹272,
ORD-00423,2026-02-07,C0292,Shahganj,MAMAS KITCHEN,,40
ORD-00424,Feb 07 2026,C0356,Shahganj,Crust & Co Pizza,₹482,42
ORD-00425,07/02/2026,C0379,Balkeshwar,Kamla Nagar Chaat Corner,147,26
ORD-00426,2026-02-07,C0512,Tajganj,Crust & Co Pizza,₹605,32
ORD-00427,2026-02-07,C0535,Shahganj,mamas kitchen ,301.00,33
ORD-00428,Feb 07 2026,C0547,SIKANDRA,MAMAS KITCHEN,₹235,49
ORD-00429,2026-02-07,C0688,Sikandra,Southern Spice,411,47 min
ORD-00430,07/02/2026,C0701,Dayalbagh,Mama's Kitchen,₹456,32 min
ORD-00431,07/02/2026,C0734,Shahganj,Southern Spice,275.00,40
ORD-00432,2026-02-07,C0771,sanjay place ,Kamla Nagar Chaat Corner,128.00,42 min
ORD-00433,07/02/2026,C0778,Sikandra,Kamla Nagar Chaat Corner,₹163,36
ORD-00434,07/02/2026,C0811,Dayalbagh,Agra Tandoor House,280.00,21 min
ORD-00435,2026-02-07,C0926,Balkeshwar,Southern Spice,320,35
ORD-00436,Feb 07 2026,C0960,SIKANDRA,Kamla Nagar Chaat Corner,140,37
ORD-00437,07/02/2026,C0972,SIKANDRA,Mama's Kitchen - Agra,347.00,37 min
ORD-00438,2026-02-07,C1056,Sikandra,Agra Tandoor House,₹382,37
ORD-00439,07/02/2026,C1073,Dayalbagh,Southern Spice,239.00,25 min
ORD-00440,2026-02-08,C0072,Sikandra,Taj Biryani Co,209.00,41 min
ORD-00441,2026-02-08,C0196,Shahganj,Mama's Kitchen,247.00,44 min
ORD-00442,2026-02-08,C0241,Shahganj,Petha Point Cafe,203.00,27
ORD-00443,2026-02-08,C0242,Sanjay Place,Petha Point Cafe,222.00,45 min
ORD-00444,08/02/2026,C0247,Sanjay Place,Petha Point Cafe,,30
ORD-00445,Feb 08 2026,C0286,Shahganj,Crust & Co Pizza,472,42
ORD-00446,2026-02-08,C0310,Sikandra,Taj Biryani Co,211,38
ORD-01536,29/03/2026,C0155,Shahganj,Crust & Co Pizza,543,39
ORD-00447,08/02/2026,C0541,civil lines ,Petha Point Cafe,₹116,40
ORD-00448,2026-02-08,C0683,Shahganj,Crust & Co Pizza,₹465,30
ORD-00449,2026-02-08,C0773,Balkeshwar,Kamla Nagar Chaat Corner,197,34
ORD-00450,2026-02-08,C0838,Tajganj,Green Bowl Salads,238,40
ORD-00451,2026-02-08,C0970,Shahganj,Southern Spice,₹155,30
ORD-00452,Feb 08 2026,C1005,Balkeshwar,Southern Spice,₹237,21
ORD-00453,08/02/2026,C1100,Sikandra,Southern Spice,₹280,41
ORD-00454,09/02/2026,C0006,Dayalbagh,Agra Tandoor House,₹477,46 min
ORD-00455,Feb 09 2026,C0011,Sikandra,MAMAS KITCHEN,473,34
ORD-00456,Feb 09 2026,C0030,Balkeshwar,Taj Biryani Co,298,13 min
ORD-00457,Feb 09 2026,C0076,Sikandra,Southern Spice,195.00,33
ORD-00458,09/02/2026,C0153,Shahganj,MAMAS KITCHEN,288,35
ORD-00459,2026-02-09,C0318,Sikandra,Kamla Nagar Chaat Corner,197,24
ORD-00460,2026-02-09,C0338,Shahganj,Mama's Kitchen,451.00,39
ORD-00461,09/02/2026,C0349,Sikandra,Petha Point Cafe,83.00,42 min
ORD-00462,2026-02-09,C0386,Civil Lines,MAMAS KITCHEN,314,23
ORD-00463,2026-02-09,C0438,Shahganj,Taj Biryani Co,258,34
ORD-00464,Feb 09 2026,C0518,Sikandra,Petha Point Cafe,₹163,36
ORD-00465,09/02/2026,C0631,Shahganj,Kamla Nagar Chaat Corner,182.00,51
ORD-00466,09/02/2026,C0639,dayalbagh ,Kamla Nagar Chaat Corner,₹170,25 min
ORD-00467,2026-02-09,C0649,Tajganj,Kamla Nagar Chaat Corner,₹167,37
ORD-00468,Feb 09 2026,C0682,Dayalbagh,Kamla Nagar Chaat Corner,₹139,40
ORD-00469,2026-02-09,C0798,Sikandra,Green Bowl Salads,213,46
,2026-02-09,C0843,SIKANDRA,Kamla Nagar Chaat Corner,161,35 min
ORD-00471,2026-02-09,C0847,Shahganj,Kamla Nagar Chaat Corner,199,42
,Feb 09 2026,C0868,Shahganj,Crust & Co Pizza,₹279,55
ORD-00473,2026-02-09,C0905,Dayalbagh,MAMAS KITCHEN,₹376,31
ORD-00474,2026-02-09,C1044,Tajganj,Southern Spice,206.00,23
ORD-00475,10/02/2026,C0044,Dayalbagh,Agra Tandoor House,451.00,
ORD-00476,2026-02-10,C0394,SHAHGANJ,Southern Spice,₹196,43
ORD-00477,2026-02-10,C0477,Dayalbagh,Southern Spice,₹188,31
ORD-00478,2026-02-10,C0527,Shahganj,Green Bowl Salads,226,39
ORD-00479,2026-02-10,C0652,Balkeshwar,Green Bowl Salads,316.00,36
ORD-00480,2026-02-10,C0670,Shahganj,Petha Point Cafe,182.00,34 min
ORD-00481,2026-02-10,C0685,Civil Lines,Mama's Kitchen,261,24
ORD-00482,2026-02-10,C0780,Sanjay Place,Agra Tandoor House,255.00,30
ORD-00483,2026-02-10,C0820,Sikandra,Agra Tandoor House,312.00,45
ORD-02699,2026-05-20,C0526,Sikandra,Petha Point Cafe,235.00,61
ORD-00484,2026-02-10,C0918,SHAHGANJ,Crust & Co Pizza,359.00,30
ORD-00485,2026-02-10,C0957,Kamla Nagar,Southern Spice,340.00,30
ORD-00486,10/02/2026,C0966,Sanjay Place,Agra Tandoor House,₹344,31
ORD-00487,2026-02-10,C1016,Tajganj,MAMAS KITCHEN,₹233,34 min
ORD-00488,2026-02-10,C1060,Dayalbagh,Green Bowl Salads,₹238,27
ORD-00489,2026-02-10,C1062,Sikandra,Agra Tandoor House,₹409,50
ORD-00490,2026-02-10,C1081,Shahganj,Petha Point Cafe,102.00,46
ORD-00491,2026-02-10,C1093,sikandra ,Agra Tandoor House,₹430,31
ORD-00492,2026-02-11,C0179,DAYALBAGH,Taj Biryani Co,326,29
ORD-00493,2026-02-11,C0246,Tajganj,Agra Tandoor House,253,21
ORD-00494,2026-02-11,C0330,DAYALBAGH,Taj Biryani Co,287.00,33
ORD-00495,2026-02-11,C0331,Dayalbagh,Southern Spice,₹240,42
ORD-00496,2026-02-11,C0367,SIKANDRA,Agra Tandoor House,₹286,35
ORD-00497,2026-02-11,C0391,Shahganj,MAMAS KITCHEN,₹463,40
ORD-00298,30/01/2026,C0415,SIKANDRA,Green Bowl Salads,282.00,39
ORD-00498,2026-02-11,C0408,Sanjay Place,Mama's Kitchen,329.00,27
ORD-00499,11/02/2026,C0484,Shahganj,Agra Tandoor House,416.00,43
ORD-00500,11/02/2026,C0572,Sikandra,Southern Spice,322,45
ORD-00501,2026-02-11,C0618,tajganj ,Crust & Co Pizza,₹569,21
ORD-00502,2026-02-11,C0664,Balkeshwar,Mama's Kitchen - Agra,322.00,28
ORD-00503,2026-02-11,C0675,Sikandra,Agra Tandoor House,274,41
ORD-00504,11/02/2026,C0676,Sikandra,Crust & Co Pizza,508,45 min
ORD-00505,Feb 11 2026,C0681,Sikandra,MAMAS KITCHEN,₹506,38 min
ORD-00506,2026-02-11,C0733,Shahganj,Taj Biryani Co,₹211,37
ORD-00507,11/02/2026,C0799,Shahganj,Mama's Kitchen,₹399,44
ORD-00508,Feb 11 2026,C0822,Sikandra,Kamla Nagar Chaat Corner,₹219,42 min
ORD-00509,2026-02-11,C0875,Sikandra,Mama's Kitchen,₹340,34
ORD-00510,Feb 11 2026,C0900,Sanjay Place,Southern Spice,336,27
ORD-00511,2026-02-11,C0939,Shahganj,Petha Point Cafe,190.00,26
ORD-00512,2026-02-11,C0980,Shahganj,mamas kitchen ,₹415,40 min
ORD-00513,2026-02-11,C0993,SIKANDRA,Mama's Kitchen - Agra,394.00,
ORD-00514,2026-02-11,C1012,Sikandra,Green Bowl Salads,₹233,63
ORD-00515,Feb 11 2026,C1096,Civil Lines,Mama's Kitchen,₹235,25
ORD-00516,12/02/2026,C0049,Sikandra,Kamla Nagar Chaat Corner,182.00,34
ORD-00517,2026-02-12,C0073,Shahganj,Mama's Kitchen - Agra,₹301,44
ORD-00518,Feb 12 2026,C0105,Shahganj,Agra Tandoor House,315.00,39
ORD-00519,2026-02-12,C0149,Shahganj,Taj Biryani Co,₹300,29
ORD-00520,2026-02-12,C0155,Shahganj,Agra Tandoor House,359.00,25 min
ORD-00521,Feb 12 2026,C0200,Dayalbagh,Green Bowl Salads,₹354,28 min
ORD-00522,2026-02-12,C0303,kamla nagar ,Petha Point Cafe,₹148,43
ORD-00523,Feb 12 2026,C0379,Balkeshwar,mamas kitchen ,₹261,32
ORD-00524,Feb 12 2026,C0401,Civil Lines,Green Bowl Salads,₹334,17
ORD-00525,12/02/2026,C0499,Balkeshwar,Southern Spice,₹371,32
ORD-00526,2026-02-12,C0538,Shahganj,mamas kitchen ,235,40 min
ORD-00527,12/02/2026,C0550,Shahganj,Crust & Co Pizza,₹536,37
ORD-00528,12/02/2026,C0604,Tajganj,Green Bowl Salads,388,41
ORD-00529,2026-02-12,C0647,shahganj ,Petha Point Cafe,153.00,
ORD-00530,12/02/2026,C0746,SHAHGANJ,Taj Biryani Co,₹363,40
ORD-00531,2026-02-12,C0824,Shahganj,Green Bowl Salads,297.00,33
ORD-00532,Feb 12 2026,C0960,Sikandra,Crust & Co Pizza,389,51
ORD-00533,2026-02-12,C0969,Civil Lines,Taj Biryani Co,199.00,34
ORD-00534,Feb 12 2026,C1004,Balkeshwar,Agra Tandoor House,587.00,35
ORD-00535,2026-02-12,C1037,Shahganj,Petha Point Cafe,₹198,38
ORD-00536,2026-02-13,C0021,Balkeshwar,Kamla Nagar Chaat Corner,138.00,41 min
ORD-00537,Feb 13 2026,C0039,Sikandra,Taj Biryani Co,,40
ORD-00538,13/02/2026,C0119,shahganj ,Mama's Kitchen - Agra,₹440,39
ORD-00539,2026-02-13,C0192,Shahganj,Southern Spice,289,36
ORD-00540,2026-02-13,C0204,shahganj ,Agra Tandoor House,536.00,28
ORD-00541,13/02/2026,C0425,SIKANDRA,MAMAS KITCHEN,380,30 min
ORD-00542,2026-02-13,C0476,Balkeshwar,Southern Spice,₹331,
ORD-00543,13/02/2026,C0483,Sikandra,Green Bowl Salads,451.00,50
ORD-00544,Feb 13 2026,C0488,Dayalbagh,Crust & Co Pizza,302,35
ORD-00545,2026-02-13,C0502,shahganj ,Kamla Nagar Chaat Corner,123,28
ORD-00546,13/02/2026,C0574,Dayalbagh,Agra Tandoor House,302.00,31 min
ORD-00547,2026-02-13,C0649,tajganj ,Crust & Co Pizza,383,42
ORD-00548,2026-02-13,C0711,Sikandra,mamas kitchen ,₹415,39
ORD-00549,2026-02-13,C0735,Balkeshwar,Crust & Co Pizza,₹152,20 min
ORD-00550,13/02/2026,C0758,Sikandra,Crust & Co Pizza,417.00,44
ORD-00551,Feb 13 2026,C0806,Dayalbagh,Southern Spice,293,24
ORD-00552,13/02/2026,C0929,Tajganj,Petha Point Cafe,₹93,38
ORD-00553,13/02/2026,C1003,Shahganj,Petha Point Cafe,121,49
ORD-00554,Feb 13 2026,C1079,Civil Lines,mamas kitchen ,₹424,32
ORD-00555,2026-02-14,C0060,Dayalbagh,MAMAS KITCHEN,272.00,21 min
ORD-00556,2026-02-14,C0086,CIVIL LINES,Agra Tandoor House,₹535,35
ORD-00557,2026-02-14,C0273,Sanjay Place,Southern Spice,280,35
ORD-00558,2026-02-14,C0327,Shahganj,Agra Tandoor House,₹396,42
ORD-00559,2026-02-14,C0410,Sikandra,Petha Point Cafe,₹243,32
ORD-00560,2026-02-14,C0577,Sikandra,Kamla Nagar Chaat Corner,₹114,48
ORD-02113,2026-04-22,C0791,Civil Lines,Crust & Co Pizza,₹409,27 min
ORD-00561,14/02/2026,C0630,Balkeshwar,Taj Biryani Co,₹414,23 min
ORD-00562,2026-02-14,C0638,Shahganj,Mama's Kitchen,₹320,43 min
ORD-00563,2026-02-14,C0653,DAYALBAGH,Taj Biryani Co,307.00,26
ORD-00564,2026-02-14,C0856,Shahganj,MAMAS KITCHEN,179,41
ORD-00565,2026-02-14,C0986,Civil Lines,Green Bowl Salads,212.00,40
ORD-00566,2026-02-15,C0276,KAMLA NAGAR,Crust & Co Pizza,₹389,19 min
ORD-00567,2026-02-15,C0291,Sikandra,mamas kitchen ,₹318,49
ORD-00568,2026-02-15,C0321,Sikandra,Taj Biryani Co,₹136,40 min
ORD-00569,15/02/2026,C0329,Tajganj,Taj Biryani Co,372,33
ORD-00570,15/02/2026,C0357,Tajganj,Agra Tandoor House,₹337,27
ORD-00571,2026-02-15,C0553,Sanjay Place,Southern Spice,₹200,28
ORD-00572,Feb 15 2026,C0996,Shahganj,Petha Point Cafe,138,33
ORD-00573,2026-02-15,C1017,Tajganj,Agra Tandoor House,495.00,29 min
ORD-00574,15/02/2026,C1028,Kamla Nagar,Taj Biryani Co,₹206,29
ORD-00575,2026-02-15,C1058,Tajganj,Green Bowl Salads,207,24
ORD-00576,Feb 15 2026,C1064,SIKANDRA,Petha Point Cafe,₹215,38
ORD-00577,2026-02-15,C1070,Sanjay Place,Taj Biryani Co,387,36
ORD-00578,2026-02-16,C0013,sikandra ,Green Bowl Salads,321,
ORD-00579,2026-02-16,C0057,kamla nagar ,Agra Tandoor House,493,42
ORD-00580,Feb 16 2026,C0084,Balkeshwar,Crust & Co Pizza,587.00,36
ORD-00581,2026-02-16,C0197,Civil Lines,Crust & Co Pizza,272,32
ORD-00582,2026-02-16,C0318,Sikandra,Mama's Kitchen - Agra,237.00,47
ORD-00583,2026-02-16,C0413,Sikandra,Taj Biryani Co,₹364,34
ORD-00584,16/02/2026,C0482,SIKANDRA,Taj Biryani Co,342,42
ORD-00585,16/02/2026,C0485,Balkeshwar,Kamla Nagar Chaat Corner,₹190,31
ORD-00586,2026-02-16,C0572,Sikandra,Kamla Nagar Chaat Corner,102,38
ORD-00587,2026-02-16,C0603,Dayalbagh,Southern Spice,₹292,31
ORD-00588,16/02/2026,C0605,civil lines ,Petha Point Cafe,80,16 min
ORD-00589,16/02/2026,C0615,Shahganj,Agra Tandoor House,336.00,36
ORD-00590,16/02/2026,C0631,Shahganj,Mama's Kitchen - Agra,375.00,40 min
ORD-00591,2026-02-16,C0635,KAMLA NAGAR,Petha Point Cafe,₹178,25
ORD-00592,Feb 16 2026,C0708,Shahganj,mamas kitchen ,₹329,33 min
ORD-00593,Feb 16 2026,C0901,Sanjay Place,Taj Biryani Co,₹488,29
ORD-00594,16/02/2026,C0906,Civil Lines,MAMAS KITCHEN,232,27
ORD-00595,2026-02-16,C0924,Sanjay Place,Mama's Kitchen - Agra,226,30
ORD-00596,2026-02-16,C1037,Shahganj,Green Bowl Salads,₹295,31
ORD-00597,17/02/2026,C0044,Dayalbagh,Taj Biryani Co,₹431,40 min
ORD-00598,2026-02-17,C0075,Sanjay Place,Crust & Co Pizza,₹325,19
ORD-00599,Feb 17 2026,C0101,Balkeshwar,Green Bowl Salads,₹450,27
ORD-00600,17/02/2026,C0180,SIKANDRA,Agra Tandoor House,317,42
ORD-00601,2026-02-17,C0247,Sanjay Place,Kamla Nagar Chaat Corner,₹126,33
ORD-00602,2026-02-17,C0261,Dayalbagh,mamas kitchen ,431.00,28 min
ORD-00603,Feb 17 2026,C0266,Kamla Nagar,Taj Biryani Co,461.00,32
ORD-00604,2026-02-17,C0269,SIKANDRA,Southern Spice,214.00,34
ORD-00605,2026-02-17,C0281,Sikandra,mamas kitchen ,215.00,35
ORD-00606,2026-02-17,C0350,Shahganj,Kamla Nagar Chaat Corner,170.00,40
ORD-00607,2026-02-17,C0592,shahganj ,Kamla Nagar Chaat Corner,₹132,40 min
ORD-00608,2026-02-17,C0651,SIKANDRA,Petha Point Cafe,₹110,48
ORD-00609,2026-02-17,C0683,Shahganj,Mama's Kitchen - Agra,372.00,35 min
ORD-00610,17/02/2026,C0741,Balkeshwar,Taj Biryani Co,307,22 min
ORD-00611,17/02/2026,C0771,Sanjay Place,Petha Point Cafe,247.00,38
ORD-00612,2026-02-17,C0774,Sikandra,Taj Biryani Co,343,32 min
ORD-00613,2026-02-17,C0803,Shahganj,Agra Tandoor House,406,41
ORD-00614,Feb 17 2026,C0809,SANJAY PLACE,Crust & Co Pizza,153.00,35
ORD-00615,2026-02-17,C0820,sikandra ,Crust & Co Pizza,437.00,32
ORD-00616,Feb 17 2026,C0851,Tajganj,Taj Biryani Co,335,41
ORD-00617,Feb 17 2026,C0887,Shahganj,Taj Biryani Co,₹279,42
ORD-00618,2026-02-17,C0893,Shahganj,Kamla Nagar Chaat Corner,₹136,36
ORD-00619,2026-02-17,C0913,Kamla Nagar,Crust & Co Pizza,₹453,34
ORD-00620,2026-02-17,C0972,Sikandra,MAMAS KITCHEN,₹381,30 min
ORD-00621,Feb 17 2026,C1023,kamla nagar ,mamas kitchen ,₹271,35
ORD-00622,18/02/2026,C0076,Sikandra,Southern Spice,275.00,26 min
ORD-00623,2026-02-18,C0115,Sikandra,Crust & Co Pizza,286.00,34
ORD-00624,2026-02-18,C0202,Shahganj,Mama's Kitchen - Agra,₹440,33
ORD-00625,2026-02-18,C0445,SIKANDRA,Taj Biryani Co,₹222,55 min
ORD-00626,Feb 18 2026,C0477,Dayalbagh,Crust & Co Pizza,534,20
ORD-00627,Feb 18 2026,C0483,Sikandra,MAMAS KITCHEN,292,45 min
ORD-00628,2026-02-18,C0633,Sikandra,mamas kitchen ,354,42
ORD-00629,18/02/2026,C0674,Kamla Nagar,Crust & Co Pizza,438.00,35
ORD-00630,18/02/2026,C0743,Sikandra,Mama's Kitchen,390,39 min
ORD-00631,2026-02-18,C0783,Sikandra,Crust & Co Pizza,₹464,37
ORD-00632,2026-02-18,C0818,Sikandra,Agra Tandoor House,189,39 min
ORD-00633,2026-02-18,C0819,Sanjay Place,Petha Point Cafe,179,32
ORD-00634,2026-02-18,C0843,Sikandra,Agra Tandoor House,226,37
ORD-01418,24/03/2026,C0174,Kamla Nagar,Mama's Kitchen,₹326,27
ORD-00635,18/02/2026,C0971,Shahganj,mamas kitchen ,₹150,35 min
ORD-00636,2026-02-18,C1033,Sikandra,Taj Biryani Co,407,45
ORD-00799,26/02/2026,C0191,CIVIL LINES,Kamla Nagar Chaat Corner,122,25
ORD-00637,2026-02-18,C1040,Sanjay Place,Agra Tandoor House,₹289,40
ORD-00638,19/02/2026,C0014,Tajganj,Mama's Kitchen,₹458,38
ORD-00639,2026-02-19,C0021,Balkeshwar,Crust & Co Pizza,₹421,21 min
ORD-00640,2026-02-19,C0035,Kamla Nagar,MAMAS KITCHEN,₹302,12
ORD-00641,2026-02-19,C0143,Kamla Nagar,Taj Biryani Co,₹264,28
ORD-00642,2026-02-19,C0155,Shahganj,Crust & Co Pizza,607,41
ORD-00643,19/02/2026,C0204,Shahganj,Agra Tandoor House,₹335,42
ORD-00644,19/02/2026,C0341,Sanjay Place,Taj Biryani Co,₹243,26 min
ORD-00645,2026-02-19,C0387,Dayalbagh,mamas kitchen ,416,41 min
ORD-00646,2026-02-19,C0453,SANJAY PLACE,Taj Biryani Co,₹359,31 min
ORD-00647,2026-02-19,C0474,Sikandra,Green Bowl Salads,₹388,27
ORD-00648,Feb 19 2026,C0542,Shahganj,Green Bowl Salads,353,43
ORD-00649,2026-02-19,C0596,Sikandra,Mama's Kitchen,254,28
ORD-00650,19/02/2026,C0626,Tajganj,Agra Tandoor House,₹437,18
ORD-00651,19/02/2026,C0665,Kamla Nagar,Crust & Co Pizza,425.00,26
ORD-00652,2026-02-19,C0681,sikandra ,Southern Spice,260,39
ORD-00653,Feb 19 2026,C0796,Shahganj,Southern Spice,307,42 min
ORD-00654,2026-02-19,C0799,Shahganj,Taj Biryani Co,₹98,30
ORD-00655,2026-02-19,C0909,Dayalbagh,Crust & Co Pizza,414.00,29
ORD-00656,2026-02-19,C0943,DAYALBAGH,Crust & Co Pizza,₹428,29
ORD-00657,2026-02-19,C0961,kamla nagar ,Agra Tandoor House,145,42 min
ORD-00658,19/02/2026,C1060,dayalbagh ,Taj Biryani Co,249.00,31
ORD-00659,2026-02-20,C0026,BALKESHWAR,Mama's Kitchen,345,24
ORD-00660,2026-02-20,C0065,Sanjay Place,Mama's Kitchen,259.00,24
ORD-00661,2026-02-20,C0185,Sikandra,Agra Tandoor House,₹407,32 min
ORD-00662,20/02/2026,C0200,dayalbagh ,Mama's Kitchen,₹296,31
ORD-00663,20/02/2026,C0205,Kamla Nagar,Taj Biryani Co,242.00,28
ORD-00664,2026-02-20,C0290,Balkeshwar,Petha Point Cafe,210,38
ORD-00665,2026-02-20,C0370,Dayalbagh,Green Bowl Salads,340,29
ORD-00666,2026-02-20,C0396,Shahganj,Mama's Kitchen,398,35
ORD-00667,20/02/2026,C0446,Shahganj,Mama's Kitchen,288,39
ORD-00668,2026-02-20,C0501,Sanjay Place,Taj Biryani Co,₹327,28 min
ORD-00669,2026-02-20,C0580,Dayalbagh,Agra Tandoor House,291,33
ORD-00670,2026-02-20,C0653,dayalbagh ,Southern Spice,279,39
ORD-00671,Feb 20 2026,C0706,Civil Lines,Green Bowl Salads,312,27
ORD-00672,20/02/2026,C0786,Sikandra,Agra Tandoor House,₹485,38 min
ORD-00673,2026-02-20,C0791,Civil Lines,Agra Tandoor House,₹416,28
ORD-00674,2026-02-20,C0940,Sikandra,Green Bowl Salads,₹266,34
ORD-01122,12/03/2026,C0476,Balkeshwar,Kamla Nagar Chaat Corner,₹203,28
ORD-00675,2026-02-20,C0946,Kamla Nagar,Southern Spice,300.00,39 min
ORD-00676,2026-02-20,C0963,Balkeshwar,Agra Tandoor House,393.00,33
ORD-00677,20/02/2026,C0969,civil lines ,Taj Biryani Co,₹281,34
ORD-00678,2026-02-20,C0993,Sikandra,Mama's Kitchen - Agra,₹332,35
ORD-00679,2026-02-20,C1047,KAMLA NAGAR,MAMAS KITCHEN,426.00,41
ORD-00680,2026-02-20,C1048,Shahganj,Agra Tandoor House,326.00,40
ORD-00681,2026-02-21,C0004,Shahganj,Green Bowl Salads,100,36
ORD-00682,2026-02-21,C0064,shahganj ,Mama's Kitchen,₹263,41
ORD-00683,2026-02-21,C0099,Balkeshwar,Crust & Co Pizza,₹400,37
ORD-00684,2026-02-21,C0192,Shahganj,Crust & Co Pizza,₹399,30
ORD-00685,2026-02-21,C0353,Sikandra,MAMAS KITCHEN,429,38 min
ORD-00686,2026-02-21,C0367,sikandra ,Mama's Kitchen - Agra,303,46
ORD-00687,2026-02-21,C0368,Tajganj,Mama's Kitchen,₹331,44
ORD-00688,2026-02-21,C0386,civil lines ,Petha Point Cafe,298.00,32
ORD-00689,21/02/2026,C0485,Balkeshwar,Mama's Kitchen,397.00,39
ORD-00690,2026-02-21,C0512,Tajganj,Southern Spice,₹290,33
ORD-00691,2026-02-21,C0625,Shahganj,Kamla Nagar Chaat Corner,₹117,38 min
ORD-00692,2026-02-21,C0658,dayalbagh ,Agra Tandoor House,₹483,33
ORD-00693,2026-02-21,C0682,Dayalbagh,Mama's Kitchen - Agra,231.00,48 min
ORD-00694,2026-02-21,C0683,SHAHGANJ,Petha Point Cafe,₹138,40
ORD-01764,2026-04-07,C0295,Dayalbagh,Kamla Nagar Chaat Corner,149.00,34 min
ORD-00695,2026-02-21,C0766,balkeshwar ,Crust & Co Pizza,₹502,32 min
ORD-00696,Feb 21 2026,C0771,Sanjay Place,Agra Tandoor House,404,44
ORD-00697,2026-02-21,C0874,Kamla Nagar,Agra Tandoor House,₹401,30
ORD-00698,21/02/2026,C0896,Sikandra,Mama's Kitchen - Agra,221.00,50
ORD-00699,2026-02-21,C0905,Dayalbagh,Taj Biryani Co,348.00,40
ORD-00700,21/02/2026,C0910,Tajganj,mamas kitchen ,₹347,38 min
ORD-00701,21/02/2026,C0972,Sikandra,Green Bowl Salads,₹285,50
ORD-00702,2026-02-21,C1029,Shahganj,Mama's Kitchen,₹349,33 min
ORD-00703,21/02/2026,C1093,Sikandra,Taj Biryani Co,₹264,38
ORD-00704,2026-02-22,C0071,Civil Lines,Crust & Co Pizza,500,19
ORD-00705,22/02/2026,C0114,Shahganj,Agra Tandoor House,446.00,43
ORD-00706,22/02/2026,C0136,SHAHGANJ,Taj Biryani Co,221.00,40
ORD-00707,2026-02-22,C0190,Civil Lines,Taj Biryani Co,311.00,22 min
ORD-00708,Feb 22 2026,C0245,Sikandra,Taj Biryani Co,₹339,31
ORD-00709,2026-02-22,C0284,Kamla Nagar,Kamla Nagar Chaat Corner,₹100,26 min
ORD-00710,Feb 22 2026,C0331,dayalbagh ,Agra Tandoor House,₹301,33
ORD-00711,2026-02-22,C0349,Sikandra,Kamla Nagar Chaat Corner,151,27
ORD-00712,2026-02-22,C0357,Tajganj,Crust & Co Pizza,₹352,24
ORD-00713,22/02/2026,C0384,Shahganj,Southern Spice,₹276,43
ORD-00714,2026-02-22,C0458,Shahganj,Petha Point Cafe,₹235,33
ORD-00715,22/02/2026,C0592,Shahganj,Agra Tandoor House,295.00,36
ORD-00716,2026-02-22,C0718,SIKANDRA,Taj Biryani Co,220.00,35
ORD-00717,2026-02-22,C0719,shahganj ,Green Bowl Salads,198.00,26
ORD-00718,2026-02-22,C0933,Shahganj,Kamla Nagar Chaat Corner,₹170,42
ORD-00719,2026-02-22,C0971,Shahganj,Taj Biryani Co,₹389,41 min
ORD-00720,2026-02-22,C1004,Balkeshwar,Kamla Nagar Chaat Corner,130.00,28
ORD-00721,Feb 22 2026,C1039,Shahganj,Crust & Co Pizza,218.00,42
ORD-02344,May 03 2026,C0855,Civil Lines,Agra Tandoor House,291,25 min
ORD-00722,2026-02-22,C1040,Sanjay Place,Petha Point Cafe,₹106,36
ORD-00723,22/02/2026,C1064,Sikandra,Kamla Nagar Chaat Corner,₹125,39
ORD-00724,2026-02-22,C1070,sanjay place ,Mama's Kitchen,₹396,38
ORD-00725,23/02/2026,C0038,Tajganj,Agra Tandoor House,₹376,42
ORD-00726,Feb 23 2026,C0094,Dayalbagh,Crust & Co Pizza,,24
ORD-03042,Jun 08 2026,C0428,Balkeshwar,Agra Tandoor House,232.00,36
ORD-00727,2026-02-23,C0179,dayalbagh ,Green Bowl Salads,₹329,33 min
ORD-00728,23/02/2026,C0293,Dayalbagh,Petha Point Cafe,₹236,38
ORD-00729,2026-02-23,C0301,Sikandra,Agra Tandoor House,₹385,44
ORD-00063,2026-01-10,C1017,Tajganj,Mama's Kitchen,₹372,28
ORD-00730,2026-02-23,C0328,Balkeshwar,Agra Tandoor House,₹415,43
ORD-00731,23/02/2026,C0413,Sikandra,Green Bowl Salads,232.00,38
ORD-00732,23/02/2026,C0503,Shahganj,Petha Point Cafe,₹198,41
ORD-00733,2026-02-23,C0670,Shahganj,Kamla Nagar Chaat Corner,₹190,48
ORD-00734,2026-02-23,C0688,Sikandra,Mama's Kitchen - Agra,385,38
ORD-00735,2026-02-23,C0723,Dayalbagh,Crust & Co Pizza,₹437,31
ORD-00736,2026-02-23,C0803,Shahganj,Crust & Co Pizza,₹452,38 min
ORD-00737,2026-02-23,C0816,Shahganj,Agra Tandoor House,319.00,39 min
ORD-00738,2026-02-23,C0859,Kamla Nagar,Green Bowl Salads,319,26 min
ORD-00739,2026-02-23,C0913,Kamla Nagar,MAMAS KITCHEN,488,40
ORD-00740,2026-02-23,C0918,Shahganj,Mama's Kitchen,420,40
ORD-00741,23/02/2026,C0938,Shahganj,Green Bowl Salads,293,55
ORD-00742,2026-02-23,C0959,BALKESHWAR,Kamla Nagar Chaat Corner,₹184,37
ORD-00743,2026-02-23,C1063,Kamla Nagar,Taj Biryani Co,182,40 min
ORD-00744,Feb 24 2026,C0003,Sikandra,Southern Spice,165,34
ORD-00745,2026-02-24,C0024,Kamla Nagar,MAMAS KITCHEN,255.00,29
ORD-00746,2026-02-24,C0081,Kamla Nagar,Taj Biryani Co,352,31
ORD-00747,2026-02-24,C0125,Civil Lines,Taj Biryani Co,202,44
ORD-00748,24/02/2026,C0321,SIKANDRA,Kamla Nagar Chaat Corner,₹186,44 min
ORD-00749,2026-02-24,C0338,Shahganj,MAMAS KITCHEN,412,40
ORD-00750,Feb 24 2026,C0404,Shahganj,MAMAS KITCHEN,₹198,37 min
ORD-00751,24/02/2026,C0418,Civil Lines,Petha Point Cafe,166.00,31
ORD-00752,2026-02-24,C0476,balkeshwar ,Mama's Kitchen - Agra,320.00,28 min
ORD-00753,2026-02-24,C0525,Kamla Nagar,Taj Biryani Co,394,33
ORD-00754,Feb 24 2026,C0536,Balkeshwar,mamas kitchen ,₹463,28
ORD-00755,24/02/2026,C0542,Shahganj,Kamla Nagar Chaat Corner,₹165,35
ORD-00756,2026-02-24,C0557,Shahganj,Mama's Kitchen,438.00,38
ORD-00757,2026-02-24,C0563,Sikandra,MAMAS KITCHEN,311.00,39
ORD-00758,Feb 24 2026,C0565,Kamla Nagar,Agra Tandoor House,₹274,32
ORD-00759,2026-02-24,C0639,Dayalbagh,MAMAS KITCHEN,₹293,34
ORD-00760,2026-02-24,C0652,BALKESHWAR,Crust & Co Pizza,331.00,22
ORD-00761,24/02/2026,C0822,Sikandra,Petha Point Cafe,168,40
ORD-00762,24/02/2026,C0844,Shahganj,MAMAS KITCHEN,₹219,43
ORD-00763,2026-02-24,C0904,BALKESHWAR,Southern Spice,285,20 min
ORD-00764,2026-02-24,C0909,Dayalbagh,Southern Spice,252.00,40
ORD-00765,2026-02-24,C0932,Shahganj,Green Bowl Salads,407,49
ORD-00766,2026-02-24,C1005,Balkeshwar,Agra Tandoor House,384,37
,24/02/2026,C1016,Tajganj,Taj Biryani Co,322,32 min
ORD-00768,2026-02-24,C1019,Civil Lines,Southern Spice,282.00,34
ORD-00769,2026-02-24,C1024,Civil Lines,Agra Tandoor House,₹445,33
ORD-00770,2026-02-24,C1047,KAMLA NAGAR,MAMAS KITCHEN,₹399,31
ORD-00771,24/02/2026,C1096,Civil Lines,Mama's Kitchen,₹306,47
ORD-00772,2026-02-25,C0062,Sikandra,Taj Biryani Co,₹469,35 min
ORD-00773,2026-02-25,C0155,Shahganj,Agra Tandoor House,484.00,37
ORD-00774,25/02/2026,C0163,Shahganj,Southern Spice,₹246,42
,2026-02-25,C0200,DAYALBAGH,Agra Tandoor House,₹261,22
ORD-00776,2026-02-25,C0306,Sikandra,Crust & Co Pizza,592,29
ORD-00777,Feb 25 2026,C0343,Sanjay Place,Green Bowl Salads,₹458,38
ORD-00778,25/02/2026,C0478,BALKESHWAR,Taj Biryani Co,,24
ORD-00779,2026-02-25,C0527,Shahganj,Green Bowl Salads,₹280,36
ORD-00780,25/02/2026,C0541,Civil Lines,Kamla Nagar Chaat Corner,123.00,
ORD-00781,2026-02-25,C0568,Shahganj,Agra Tandoor House,₹335,38
ORD-00782,2026-02-25,C0590,tajganj ,Mama's Kitchen - Agra,₹410,17 min
ORD-00783,2026-02-25,C0601,Civil Lines,Agra Tandoor House,₹245,26 min
ORD-00784,Feb 25 2026,C0627,Shahganj,Crust & Co Pizza,₹426,
ORD-00785,25/02/2026,C0676,Sikandra,Taj Biryani Co,328.00,42
ORD-00786,Feb 25 2026,C0706,CIVIL LINES,Taj Biryani Co,₹221,35
ORD-00787,25/02/2026,C0728,Dayalbagh,Agra Tandoor House,₹461,24
ORD-00788,2026-02-25,C0747,shahganj ,MAMAS KITCHEN,385,44
ORD-00789,25/02/2026,C0760,Shahganj,Taj Biryani Co,₹299,44 min
ORD-00790,25/02/2026,C0799,Shahganj,Mama's Kitchen,318.00,27 min
ORD-00791,2026-02-25,C0850,BALKESHWAR,Green Bowl Salads,344,24 min
ORD-00792,Feb 25 2026,C0864,KAMLA NAGAR,Agra Tandoor House,₹495,27
ORD-00793,2026-02-25,C0875,SIKANDRA,MAMAS KITCHEN,₹269,36
ORD-00794,2026-02-25,C0906,Civil Lines,Green Bowl Salads,275,19
ORD-00795,2026-02-25,C0939,Shahganj,Agra Tandoor House,488,37
ORD-00796,2026-02-25,C1017,Tajganj,Crust & Co Pizza,274.00,29
ORD-00797,2026-02-25,C1037,Shahganj,MAMAS KITCHEN,412.00,41
ORD-00798,Feb 26 2026,C0093,Sanjay Place,mamas kitchen ,₹221,39
ORD-00799,26/02/2026,C0191,CIVIL LINES,Kamla Nagar Chaat Corner,122,25
ORD-00800,2026-02-26,C0270,Sikandra,Petha Point Cafe,273,46
ORD-00801,2026-02-26,C0277,Sikandra,Taj Biryani Co,₹330,35
ORD-00802,2026-02-26,C0438,Shahganj,Agra Tandoor House,288.00,39
ORD-00803,26/02/2026,C0510,sikandra ,Agra Tandoor House,396,
ORD-00804,Feb 26 2026,C0549,Shahganj,Mama's Kitchen - Agra,₹387,43
ORD-00805,2026-02-26,C0569,Shahganj,mamas kitchen ,₹341,50
ORD-00806,2026-02-26,C0631,Shahganj,Kamla Nagar Chaat Corner,₹147,33
ORD-00807,2026-02-26,C0635,KAMLA NAGAR,Agra Tandoor House,₹337,31 min
ORD-00808,Feb 26 2026,C0719,Shahganj,Taj Biryani Co,264.00,42
ORD-00809,2026-02-26,C0778,Sikandra,Taj Biryani Co,423.00,38
ORD-00810,26/02/2026,C0787,Dayalbagh,Petha Point Cafe,₹174,40
ORD-00811,2026-02-26,C0788,Sikandra,mamas kitchen ,261,45
ORD-00812,26/02/2026,C0806,Dayalbagh,Petha Point Cafe,96.00,29
ORD-00813,2026-02-26,C0839,Kamla Nagar,Crust & Co Pizza,₹429,34
,2026-03-18,C0479,Shahganj,Crust & Co Pizza,361.00,57
ORD-00814,2026-02-26,C0851,Tajganj,Agra Tandoor House,₹551,27 min
ORD-00815,2026-02-26,C0887,Shahganj,Mama's Kitchen - Agra,316.00,51
ORD-00816,2026-02-26,C0908,Balkeshwar,MAMAS KITCHEN,340.00,32 min
ORD-00817,2026-02-26,C0933,Shahganj,Agra Tandoor House,,39
ORD-00818,2026-02-26,C0961,Kamla Nagar,Mama's Kitchen,₹342,30
ORD-00819,2026-02-26,C0996,Shahganj,mamas kitchen ,₹374,40
ORD-00820,2026-02-26,C1033,Sikandra,Petha Point Cafe,151,43
ORD-00821,2026-02-26,C1035,Shahganj,Agra Tandoor House,₹358,42
ORD-00822,Feb 26 2026,C1064,Sikandra,mamas kitchen ,₹324,40 min
ORD-00823,Feb 27 2026,C0009,Dayalbagh,Mama's Kitchen,233,28 min
ORD-00824,2026-02-27,C0039,Sikandra,Petha Point Cafe,₹212,40 min
ORD-00825,2026-02-27,C0096,Sikandra,Green Bowl Salads,₹413,38
ORD-00826,27/02/2026,C0099,Balkeshwar,Kamla Nagar Chaat Corner,156,42
ORD-00827,Feb 27 2026,C0185,sikandra ,Kamla Nagar Chaat Corner,₹152,47 min
ORD-00828,2026-02-27,C0336,Dayalbagh,Agra Tandoor House,₹445,26 min
ORD-00829,2026-02-27,C0391,Shahganj,Southern Spice,₹346,37
ORD-00830,2026-02-27,C0395,Balkeshwar,Crust & Co Pizza,473.00,19 min
ORD-00831,2026-02-27,C0425,SIKANDRA,Southern Spice,261,47
ORD-00832,2026-02-27,C0479,shahganj ,Kamla Nagar Chaat Corner,₹221,44
ORD-00833,27/02/2026,C0522,DAYALBAGH,Mama's Kitchen,468,28
ORD-00834,2026-02-27,C0587,Balkeshwar,Agra Tandoor House,204,33
ORD-00835,2026-02-27,C0620,Dayalbagh,MAMAS KITCHEN,₹232,32
ORD-00836,27/02/2026,C0675,SIKANDRA,Petha Point Cafe,₹264,52
ORD-00837,27/02/2026,C0771,Sanjay Place,Agra Tandoor House,₹449,29
ORD-00838,2026-02-27,C0773,Balkeshwar,MAMAS KITCHEN,,29
ORD-00839,Feb 27 2026,C0786,Sikandra,Taj Biryani Co,289.00,41
ORD-00840,2026-02-27,C0811,Dayalbagh,Taj Biryani Co,214.00,29
ORD-00841,2026-02-27,C0852,Tajganj,Crust & Co Pizza,329.00,38
ORD-00842,2026-02-27,C0874,KAMLA NAGAR,Taj Biryani Co,394.00,53
ORD-00843,27/02/2026,C0966,Sanjay Place,Petha Point Cafe,₹116,30
ORD-00844,27/02/2026,C0971,shahganj ,MAMAS KITCHEN,₹455,37
ORD-00845,27/02/2026,C1020,Civil Lines,MAMAS KITCHEN,₹407,34
ORD-00846,27/02/2026,C1100,sikandra ,Southern Spice,₹397,47 min
ORD-00847,2026-02-28,C0056,Shahganj,Petha Point Cafe,₹141,47
ORD-00848,28/02/2026,C0073,Shahganj,Agra Tandoor House,338.00,29
ORD-00849,2026-02-28,C0094,DAYALBAGH,Kamla Nagar Chaat Corner,102,30
ORD-00850,2026-02-28,C0115,Sikandra,Southern Spice,₹178,54
ORD-00851,2026-02-28,C0122,Tajganj,mamas kitchen ,413.00,26
ORD-00852,28/02/2026,C0241,SHAHGANJ,Agra Tandoor House,₹346,33
ORD-00853,28/02/2026,C0273,Sanjay Place,Kamla Nagar Chaat Corner,₹100,29
ORD-00854,28/02/2026,C0404,Shahganj,Southern Spice,₹211,38
ORD-00855,28/02/2026,C0422,Tajganj,Kamla Nagar Chaat Corner,₹159,26 min
ORD-00856,Feb 28 2026,C0476,Balkeshwar,mamas kitchen ,₹458,24 min
ORD-00857,28/02/2026,C0502,SHAHGANJ,Crust & Co Pizza,₹302,48
ORD-00858,2026-02-28,C0535,shahganj ,Southern Spice,₹233,40
ORD-00859,Feb 28 2026,C0602,SIKANDRA,Petha Point Cafe,₹190,36 min
ORD-00860,Feb 28 2026,C0660,Shahganj,Kamla Nagar Chaat Corner,139,40
ORD-00861,2026-02-28,C0667,Shahganj,Green Bowl Salads,149,41
ORD-00862,2026-02-28,C0915,Shahganj,Green Bowl Salads,332.00,43
ORD-00863,2026-02-28,C0926,Balkeshwar,Taj Biryani Co,₹263,28
ORD-00864,2026-02-28,C1026,Civil Lines,Crust & Co Pizza,₹359,28
ORD-00865,Feb 28 2026,C1068,Dayalbagh,MAMAS KITCHEN,₹475,22
ORD-00866,2026-02-28,C1081,Shahganj,Crust & Co Pizza,448,38
ORD-00867,Mar 01 2026,C0021,Balkeshwar,Mama's Kitchen,₹456,30
ORD-00868,01/03/2026,C0084,Balkeshwar,Mama's Kitchen - Agra,395.00,27
ORD-00869,2026-03-01,C0149,shahganj ,Petha Point Cafe,₹150,47 min
ORD-00870,01/03/2026,C0153,Shahganj,Green Bowl Salads,,44 min
ORD-00871,Mar 01 2026,C0161,Sikandra,Mama's Kitchen,361,36
ORD-00872,01/03/2026,C0179,Dayalbagh,Petha Point Cafe,₹195,29
ORD-00873,2026-03-01,C0242,Sanjay Place,Taj Biryani Co,₹387,36 min
ORD-00874,01/03/2026,C0290,BALKESHWAR,Southern Spice,₹172,27
ORD-00875,2026-03-01,C0293,Dayalbagh,Taj Biryani Co,249.00,16
ORD-00876,Mar 01 2026,C0306,Sikandra,Crust & Co Pizza,₹358,38
ORD-00877,01/03/2026,C0327,Shahganj,Petha Point Cafe,84.00,51
ORD-00878,Mar 01 2026,C0350,Shahganj,Green Bowl Salads,265,48
ORD-00879,2026-03-01,C0413,sikandra ,mamas kitchen ,₹327,43
ORD-00880,2026-03-01,C0482,sikandra ,Southern Spice,₹289,57
ORD-00881,01/03/2026,C0511,BALKESHWAR,Crust & Co Pizza,365,33 min
ORD-00882,01/03/2026,C0538,Shahganj,Agra Tandoor House,328,38 min
ORD-00883,01/03/2026,C0580,Dayalbagh,Taj Biryani Co,₹180,29
ORD-00884,01/03/2026,C0768,Balkeshwar,Kamla Nagar Chaat Corner,₹148,25
ORD-00885,Mar 01 2026,C0861,Dayalbagh,Kamla Nagar Chaat Corner,135.00,29
ORD-00886,2026-03-01,C0922,tajganj ,Kamla Nagar Chaat Corner,,28
ORD-00887,01/03/2026,C0929,Tajganj,Petha Point Cafe,₹283,31
ORD-00888,2026-03-01,C0980,Shahganj,Kamla Nagar Chaat Corner,₹205,49
ORD-00889,2026-03-01,C0986,civil lines ,Kamla Nagar Chaat Corner,₹143,33
ORD-00890,Mar 01 2026,C1016,Tajganj,Kamla Nagar Chaat Corner,₹210,34
ORD-00891,Mar 01 2026,C1022,SHAHGANJ,Agra Tandoor House,442,45
ORD-00892,2026-03-01,C1058,Tajganj,Crust & Co Pizza,460,29
ORD-00893,2026-03-01,C1073,DAYALBAGH,Southern Spice,209,24
ORD-00894,02/03/2026,C0011,Sikandra,Kamla Nagar Chaat Corner,₹125,45
ORD-00895,2026-03-02,C0015,Kamla Nagar,Southern Spice,₹377,29
ORD-00896,2026-03-02,C0030,balkeshwar ,Crust & Co Pizza,₹228,34
ORD-00897,2026-03-02,C0044,Dayalbagh,Taj Biryani Co,297.00,44
ORD-00898,2026-03-02,C0071,CIVIL LINES,Agra Tandoor House,383.00,35 min
ORD-00899,Mar 02 2026,C0072,Sikandra,MAMAS KITCHEN,₹305,52
ORD-00900,2026-03-02,C0112,CIVIL LINES,Agra Tandoor House,442,39
ORD-00901,2026-03-02,C0171,Kamla Nagar,Petha Point Cafe,₹204,21
ORD-00902,2026-03-02,C0284,Kamla Nagar,Agra Tandoor House,329.00,23 min
ORD-00903,2026-03-02,C0292,Shahganj,Agra Tandoor House,₹385,44
ORD-00904,2026-03-02,C0368,Tajganj,Kamla Nagar Chaat Corner,207.00,34
ORD-00905,2026-03-02,C0375,Shahganj,Agra Tandoor House,₹393,42 min
ORD-00906,2026-03-02,C0586,SHAHGANJ,Taj Biryani Co,₹355,37 min
ORD-00907,2026-03-02,C0615,Shahganj,Kamla Nagar Chaat Corner,₹128,51
ORD-00908,2026-03-02,C0748,Kamla Nagar,Taj Biryani Co,264,31
ORD-01556,29/03/2026,C0840,Sikandra,Green Bowl Salads,₹265,43
ORD-00909,Mar 02 2026,C0754,Civil Lines,Agra Tandoor House,414.00,40
ORD-00910,2026-03-02,C0838,tajganj ,Agra Tandoor House,₹302,32 min
ORD-00911,02/03/2026,C0850,Balkeshwar,Agra Tandoor House,404.00,32 min
ORD-00912,02/03/2026,C0876,Shahganj,Taj Biryani Co,₹257,33
ORD-00913,2026-03-02,C0897,Sikandra,Crust & Co Pizza,₹333,47 min
ORD-00914,2026-03-02,C1056,Sikandra,mamas kitchen ,355.00,39
ORD-00915,2026-03-03,C0012,Sikandra,Agra Tandoor House,₹448,52
ORD-00916,03/03/2026,C0086,Civil Lines,Agra Tandoor House,₹577,29 min
ORD-00917,Mar 03 2026,C0092,Tajganj,Green Bowl Salads,159,
ORD-00918,03/03/2026,C0111,Tajganj,Mama's Kitchen,,33
ORD-00919,2026-03-03,C0202,Shahganj,Agra Tandoor House,,49
ORD-00920,2026-03-03,C0269,Sikandra,Crust & Co Pizza,₹348,38
ORD-00921,2026-03-03,C0286,Shahganj,Petha Point Cafe,131,39 min
ORD-00922,2026-03-03,C0343,Sanjay Place,Mama's Kitchen - Agra,332.00,35
ORD-00923,2026-03-03,C0356,SHAHGANJ,Green Bowl Salads,406.00,
ORD-00924,2026-03-03,C0408,SANJAY PLACE,Mama's Kitchen,₹201,33
ORD-00925,2026-03-03,C0499,Balkeshwar,Taj Biryani Co,₹294,38
ORD-00926,03/03/2026,C0522,Dayalbagh,Kamla Nagar Chaat Corner,138,32
ORD-00927,2026-03-03,C0531,Sanjay Place,Mama's Kitchen - Agra,383,33
ORD-00928,2026-03-03,C0557,Shahganj,Southern Spice,287.00,44 min
ORD-00929,03/03/2026,C0563,Sikandra,MAMAS KITCHEN,₹390,43
ORD-00930,2026-03-03,C0605,Civil Lines,Green Bowl Salads,376.00,26
ORD-00931,2026-03-03,C0618,Tajganj,Crust & Co Pizza,,24
ORD-00932,Mar 03 2026,C0681,Sikandra,Mama's Kitchen - Agra,262,52
ORD-00933,03/03/2026,C0690,civil lines ,Southern Spice,196.00,20
ORD-00934,2026-03-03,C0735,BALKESHWAR,Petha Point Cafe,₹219,44
ORD-00935,03/03/2026,C0783,Sikandra,Mama's Kitchen - Agra,₹314,36
ORD-00936,2026-03-03,C0808,Dayalbagh,Taj Biryani Co,₹313,29
ORD-00937,2026-03-03,C0809,Sanjay Place,Taj Biryani Co,₹373,20
ORD-00938,2026-03-03,C0810,Shahganj,Taj Biryani Co,₹255,
ORD-00939,2026-03-03,C0856,Shahganj,Mama's Kitchen - Agra,372.00,49
ORD-00940,2026-03-03,C0955,Sikandra,Kamla Nagar Chaat Corner,183.00,51
ORD-00941,2026-03-03,C1062,Sikandra,Crust & Co Pizza,501.00,46
ORD-00942,2026-03-03,C1093,sikandra ,Taj Biryani Co,₹341,43
ORD-00943,04/03/2026,C0010,Balkeshwar,Crust & Co Pizza,444,27
ORD-00944,Mar 04 2026,C0035,Kamla Nagar,Green Bowl Salads,₹320,26
ORD-00945,2026-03-04,C0081,kamla nagar ,Petha Point Cafe,172,23
ORD-00946,04/03/2026,C0133,Kamla Nagar,Taj Biryani Co,₹252,29
ORD-00947,2026-03-04,C0278,Dayalbagh,Mama's Kitchen - Agra,254,45
ORD-00948,04/03/2026,C0310,Sikandra,Crust & Co Pizza,₹461,44 min
ORD-00949,Mar 04 2026,C0324,Shahganj,Kamla Nagar Chaat Corner,₹165,48
ORD-00950,2026-03-04,C0336,Dayalbagh,MAMAS KITCHEN,₹236,32 min
ORD-00951,2026-03-04,C0400,Tajganj,Southern Spice,₹207,32
ORD-00952,2026-03-04,C0474,Sikandra,Petha Point Cafe,₹158,31 min
ORD-00953,04/03/2026,C0477,Dayalbagh,Agra Tandoor House,₹406,31
ORD-00954,2026-03-04,C0484,Shahganj,Mama's Kitchen - Agra,447,46
ORD-00955,2026-03-04,C0549,SHAHGANJ,Agra Tandoor House,288,43
ORD-00956,2026-03-04,C0611,Shahganj,MAMAS KITCHEN,459.00,41
ORD-02946,2026-06-01,C0140,BALKESHWAR,Crust & Co Pizza,₹435,44
ORD-00957,04/03/2026,C0626,Tajganj,Agra Tandoor House,382,15
ORD-00958,04/03/2026,C0708,Shahganj,Petha Point Cafe,₹222,43
ORD-00959,2026-03-04,C0727,Dayalbagh,Mama's Kitchen,398,44
ORD-00960,04/03/2026,C0733,SHAHGANJ,Kamla Nagar Chaat Corner,₹140,40
ORD-00961,2026-03-04,C0774,Sikandra,Kamla Nagar Chaat Corner,₹183,50 min
ORD-00962,2026-03-04,C0806,Dayalbagh,Taj Biryani Co,₹348,28
ORD-00963,2026-03-04,C0851,TAJGANJ,Taj Biryani Co,269,43
ORD-00964,04/03/2026,C0907,Sikandra,Crust & Co Pizza,500,38
ORD-00965,Mar 04 2026,C0926,Balkeshwar,Crust & Co Pizza,₹585,16
ORD-00966,2026-03-04,C0999,Shahganj,Agra Tandoor House,426.00,59
ORD-00967,04/03/2026,C1005,BALKESHWAR,Crust & Co Pizza,503.00,30
ORD-00968,2026-03-04,C1025,Balkeshwar,Mama's Kitchen - Agra,273,30 min
ORD-00969,2026-03-05,C0057,Kamla Nagar,Mama's Kitchen,120.00,26
ORD-00970,2026-03-05,C0151,Shahganj,Petha Point Cafe,130.00,39
ORD-00971,05/03/2026,C0169,Sikandra,Kamla Nagar Chaat Corner,142.00,58 min
ORD-00972,2026-03-05,C0198,Shahganj,mamas kitchen ,324.00,48
ORD-00973,2026-03-05,C0252,Shahganj,Southern Spice,190.00,55
ORD-00974,2026-03-05,C0264,Sikandra,Agra Tandoor House,₹426,44
ORD-00975,2026-03-05,C0266,Kamla Nagar,Crust & Co Pizza,450.00,31 min
ORD-00976,2026-03-05,C0303,Kamla Nagar,mamas kitchen ,349.00,22
ORD-00977,2026-03-05,C0416,Shahganj,Crust & Co Pizza,388,42
ORD-00978,2026-03-05,C0458,Shahganj,Petha Point Cafe,150.00,49
ORD-00979,05/03/2026,C0507,Shahganj,Green Bowl Salads,298.00,48
ORD-00980,2026-03-05,C0580,dayalbagh ,Kamla Nagar Chaat Corner,₹137,27
ORD-00981,2026-03-05,C0620,Dayalbagh,Green Bowl Salads,263,32
ORD-00982,05/03/2026,C0647,Shahganj,MAMAS KITCHEN,₹287,51
ORD-00983,2026-03-05,C0665,KAMLA NAGAR,Crust & Co Pizza,262,33
ORD-00984,2026-03-05,C0751,Dayalbagh,Taj Biryani Co,304,31
ORD-00985,2026-03-05,C0752,SHAHGANJ,Crust & Co Pizza,248,51
ORD-00986,2026-03-05,C0780,Sanjay Place,Mama's Kitchen,494,38
ORD-00987,05/03/2026,C0980,Shahganj,Taj Biryani Co,₹189,34
ORD-00988,05/03/2026,C1013,Dayalbagh,Crust & Co Pizza,,37
ORD-00989,2026-03-05,C1043,Tajganj,MAMAS KITCHEN,375.00,38
ORD-00990,2026-03-05,C1057,Balkeshwar,Kamla Nagar Chaat Corner,88,35
ORD-00991,05/03/2026,C1070,Sanjay Place,Kamla Nagar Chaat Corner,,40 min
ORD-00992,2026-03-06,C0090,SIKANDRA,mamas kitchen ,321.00,55
ORD-00993,2026-03-06,C0105,shahganj ,Taj Biryani Co,389,40 min
ORD-00994,06/03/2026,C0122,tajganj ,Kamla Nagar Chaat Corner,₹141,40
ORD-00995,06/03/2026,C0261,Dayalbagh,Crust & Co Pizza,266.00,24 min
ORD-00996,2026-03-06,C0341,Sanjay Place,Taj Biryani Co,302.00,24 min
ORD-00997,06/03/2026,C0384,Shahganj,Petha Point Cafe,163,41
ORD-00998,2026-03-06,C0394,Shahganj,Agra Tandoor House,354.00,44
ORD-00999,06/03/2026,C0457,Kamla Nagar,Green Bowl Salads,₹124,19
ORD-01000,06/03/2026,C0483,SIKANDRA,Agra Tandoor House,426.00,50
ORD-01001,06/03/2026,C0574,Dayalbagh,Agra Tandoor House,286,26
ORD-01002,2026-03-06,C0663,Tajganj,Crust & Co Pizza,321.00,26
ORD-01003,06/03/2026,C0706,Civil Lines,MAMAS KITCHEN,₹233,19
ORD-01004,2026-03-06,C0720,Balkeshwar,Petha Point Cafe,148,26
ORD-01005,2026-03-06,C0799,Shahganj,Green Bowl Salads,260.00,45
ORD-01006,2026-03-06,C0824,Shahganj,Mama's Kitchen - Agra,347.00,51
ORD-01007,Mar 06 2026,C0943,Dayalbagh,Agra Tandoor House,287,35
ORD-01008,06/03/2026,C0986,civil lines ,mamas kitchen ,238,27
ORD-01009,2026-03-06,C1017,TAJGANJ,Southern Spice,273.00,35
ORD-01010,2026-03-06,C1027,Tajganj,mamas kitchen ,323,29
ORD-01011,Mar 06 2026,C1060,Dayalbagh,Petha Point Cafe,198,31
ORD-01012,07/03/2026,C0011,Sikandra,Petha Point Cafe,107,42
ORD-01013,07/03/2026,C0049,Sikandra,Mama's Kitchen - Agra,₹598,33 min
ORD-01014,2026-03-07,C0180,Sikandra,Taj Biryani Co,₹329,50
ORD-01015,2026-03-07,C0205,Kamla Nagar,Petha Point Cafe,₹240,20
ORD-01016,2026-03-07,C0243,sikandra ,Mama's Kitchen - Agra,367,36
ORD-01017,2026-03-07,C0282,Shahganj,Southern Spice,₹352,37
ORD-01018,07/03/2026,C0330,Dayalbagh,Agra Tandoor House,₹349,37
ORD-01019,07/03/2026,C0368,Tajganj,Southern Spice,₹336,36
ORD-01020,2026-03-07,C0379,Balkeshwar,Kamla Nagar Chaat Corner,₹151,30
ORD-01021,07/03/2026,C0465,Sikandra,Crust & Co Pizza,₹420,39
ORD-01022,Mar 07 2026,C0553,SANJAY PLACE,MAMAS KITCHEN,₹296,14
ORD-01023,Mar 07 2026,C0557,Shahganj,mamas kitchen ,427,36
ORD-01024,07/03/2026,C0586,Shahganj,Agra Tandoor House,444.00,48
ORD-01025,2026-03-07,C0688,Sikandra,Crust & Co Pizza,472,45 min
ORD-01026,2026-03-07,C0711,SIKANDRA,Petha Point Cafe,251,31 min
ORD-01027,Mar 07 2026,C0723,Dayalbagh,Green Bowl Salads,₹261,35
ORD-01028,Mar 07 2026,C0785,Shahganj,Green Bowl Salads,₹80,51
ORD-01029,2026-03-07,C0788,Sikandra,Mama's Kitchen - Agra,406.00,44
ORD-01030,2026-03-07,C0802,SIKANDRA,Mama's Kitchen,364.00,57
ORD-01031,07/03/2026,C0875,Sikandra,Taj Biryani Co,₹397,39
ORD-01032,2026-03-07,C0922,Tajganj,Agra Tandoor House,₹392,36
ORD-02598,2026-05-16,C0601,Civil Lines,Agra Tandoor House,₹398,26 min
ORD-01033,07/03/2026,C1064,Sikandra,Kamla Nagar Chaat Corner,182.00,47
ORD-01034,2026-03-08,C0065,Sanjay Place,Green Bowl Salads,₹211,30
ORD-01035,2026-03-08,C0071,CIVIL LINES,Mama's Kitchen - Agra,197,31
ORD-02567,2026-05-14,C0610,Shahganj,Agra Tandoor House,431.00,48
ORD-01036,08/03/2026,C0076,Sikandra,MAMAS KITCHEN,₹297,27
ORD-01037,2026-03-08,C0111,Tajganj,Agra Tandoor House,453,33 min
ORD-01928,2026-04-14,C0563,Sikandra,Kamla Nagar Chaat Corner,119.00,55
ORD-01038,2026-03-08,C0119,Shahganj,Kamla Nagar Chaat Corner,225.00,39
ORD-01039,2026-03-08,C0182,Kamla Nagar,Agra Tandoor House,336,18
ORD-01040,08/03/2026,C0240,Shahganj,Green Bowl Salads,₹216,44
ORD-01041,2026-03-08,C0256,Sikandra,Agra Tandoor House,₹166,39
ORD-01042,2026-03-08,C0294,Sikandra,Petha Point Cafe,222,45
ORD-01043,Mar 08 2026,C0327,shahganj ,Crust & Co Pizza,351.00,40
ORD-01044,08/03/2026,C0380,KAMLA NAGAR,MAMAS KITCHEN,₹289,38
ORD-01045,2026-03-08,C0419,Civil Lines,Green Bowl Salads,274,26
ORD-01046,2026-03-08,C0558,Tajganj,Southern Spice,₹279,32
ORD-01047,2026-03-08,C0570,Sikandra,Green Bowl Salads,₹253,43
ORD-01048,08/03/2026,C0585,Sikandra,mamas kitchen ,393,47
ORD-01049,2026-03-08,C0667,Shahganj,Agra Tandoor House,₹335,32
ORD-01050,08/03/2026,C0746,SHAHGANJ,MAMAS KITCHEN,₹196,50
ORD-01051,08/03/2026,C0852,tajganj ,Southern Spice,₹243,42
ORD-01052,2026-03-08,C0864,Kamla Nagar,Agra Tandoor House,257.00,18
ORD-01053,Mar 08 2026,C1041,Sikandra,Kamla Nagar Chaat Corner,127,44
ORD-01054,2026-03-09,C0013,Sikandra,Agra Tandoor House,₹249,31 min
ORD-01055,2026-03-09,C0026,Balkeshwar,Agra Tandoor House,375,32
ORD-01056,09/03/2026,C0075,Sanjay Place,Mama's Kitchen - Agra,₹323,31
ORD-01057,2026-03-09,C0143,Kamla Nagar,Mama's Kitchen - Agra,₹350,24
ORD-01058,09/03/2026,C0151,Shahganj,Southern Spice,230,40 min
ORD-01059,2026-03-09,C0204,Shahganj,Agra Tandoor House,227,54
ORD-01060,09/03/2026,C0247,Sanjay Place,Agra Tandoor House,479.00,33
ORD-01061,2026-03-09,C0250,Tajganj,Agra Tandoor House,472.00,37
ORD-01062,Mar 09 2026,C0276,Kamla Nagar,Crust & Co Pizza,544,37 min
ORD-01063,2026-03-09,C0281,Sikandra,Agra Tandoor House,₹211,46
ORD-01064,2026-03-09,C0290,Balkeshwar,Mama's Kitchen - Agra,275,34
ORD-01065,2026-03-09,C0329,TAJGANJ,Agra Tandoor House,₹402,41
ORD-01066,Mar 09 2026,C0358,sanjay place ,Taj Biryani Co,₹428,29
ORD-01067,2026-03-09,C0378,Dayalbagh,Kamla Nagar Chaat Corner,₹168,
ORD-01068,09/03/2026,C0410,Sikandra,Mama's Kitchen,245.00,36
ORD-01069,09/03/2026,C0488,Dayalbagh,Southern Spice,238,33
ORD-01070,2026-03-09,C0603,DAYALBAGH,Kamla Nagar Chaat Corner,133,32
ORD-01071,2026-03-09,C0620,DAYALBAGH,Mama's Kitchen - Agra,385,37
ORD-01072,2026-03-09,C0634,SIKANDRA,MAMAS KITCHEN,244.00,54 min
,2026-03-09,C0822,Sikandra,Kamla Nagar Chaat Corner,₹207,45
ORD-01074,09/03/2026,C1016,Tajganj,Crust & Co Pizza,454.00,30 min
ORD-01075,2026-03-09,C1028,kamla nagar ,Green Bowl Salads,261,31
ORD-01076,2026-03-09,C1043,Tajganj,Agra Tandoor House,286.00,22
ORD-01077,09/03/2026,C1048,Shahganj,Crust & Co Pizza,292,55
ORD-01078,2026-03-09,C1055,Kamla Nagar,MAMAS KITCHEN,238.00,29
ORD-01079,2026-03-09,C1099,Shahganj,Green Bowl Salads,₹337,34
ORD-01080,2026-03-10,C0068,Tajganj,Mama's Kitchen,,15 min
ORD-01081,2026-03-10,C0115,Sikandra,Green Bowl Salads,₹501,64
ORD-01082,10/03/2026,C0161,SIKANDRA,Taj Biryani Co,₹304,
ORD-01083,10/03/2026,C0284,Kamla Nagar,Kamla Nagar Chaat Corner,129.00,29 min
ORD-01084,10/03/2026,C0341,Sanjay Place,Agra Tandoor House,212,47
ORD-01085,10/03/2026,C0366,Balkeshwar,Green Bowl Salads,₹192,29 min
ORD-01086,2026-03-10,C0636,SIKANDRA,Green Bowl Salads,₹275,46
ORD-01087,10/03/2026,C0718,Sikandra,Mama's Kitchen - Agra,347.00,45
ORD-01088,2026-03-10,C0808,Dayalbagh,mamas kitchen ,₹435,39
ORD-01089,2026-03-10,C0818,Sikandra,Mama's Kitchen - Agra,333.00,48
ORD-01090,2026-03-10,C0908,Balkeshwar,Petha Point Cafe,₹230,29
ORD-01091,10/03/2026,C0924,Sanjay Place,Southern Spice,₹330,31
ORD-01092,10/03/2026,C0931,Dayalbagh,Petha Point Cafe,127,29
ORD-01093,2026-03-10,C0958,Kamla Nagar,Mama's Kitchen,282,29 min
ORD-01094,10/03/2026,C0996,SHAHGANJ,Kamla Nagar Chaat Corner,139,29 min
ORD-01095,2026-03-10,C1058,TAJGANJ,MAMAS KITCHEN,₹290,34
ORD-01096,2026-03-10,C1092,Shahganj,Taj Biryani Co,₹330,35
ORD-01097,2026-03-11,C0064,Shahganj,Taj Biryani Co,₹342,44
ORD-01098,2026-03-11,C0243,Sikandra,Agra Tandoor House,404,57
ORD-01099,2026-03-11,C0252,SHAHGANJ,Kamla Nagar Chaat Corner,₹123,37
ORD-01100,2026-03-11,C0292,Shahganj,Mama's Kitchen,₹269,36
ORD-01101,2026-03-11,C0338,Shahganj,Taj Biryani Co,417.00,44 min
ORD-01102,Mar 11 2026,C0386,Civil Lines,Agra Tandoor House,₹343,20
ORD-01103,2026-03-11,C0512,Tajganj,Crust & Co Pizza,₹377,38
ORD-01104,2026-03-11,C0565,Kamla Nagar,Agra Tandoor House,₹305,38
ORD-01105,Mar 11 2026,C0625,shahganj ,Petha Point Cafe,₹238,49
ORD-01106,2026-03-11,C0689,Civil Lines,Green Bowl Salads,₹423,34 min
ORD-01107,2026-03-11,C0760,Shahganj,mamas kitchen ,282,49
ORD-01108,11/03/2026,C0764,Shahganj,MAMAS KITCHEN,460.00,49
ORD-01109,11/03/2026,C0837,Sanjay Place,Mama's Kitchen,₹353,30
ORD-01110,2026-03-11,C0893,Shahganj,Southern Spice,290.00,32
ORD-01111,2026-03-11,C0947,Tajganj,Taj Biryani Co,₹401,31
ORD-01112,2026-03-11,C1004,Balkeshwar,Agra Tandoor House,320.00,40 min
ORD-01113,12/03/2026,C0001,Tajganj,Agra Tandoor House,386,
ORD-01114,2026-03-12,C0062,Sikandra,Petha Point Cafe,222,44
ORD-01115,Mar 12 2026,C0119,SHAHGANJ,MAMAS KITCHEN,₹444,46
ORD-01116,2026-03-12,C0163,Shahganj,Taj Biryani Co,384,47
ORD-01117,Mar 12 2026,C0197,Civil Lines,MAMAS KITCHEN,₹376,43
ORD-01118,2026-03-12,C0256,Sikandra,Taj Biryani Co,₹248,54
ORD-01119,2026-03-12,C0357,Tajganj,Mama's Kitchen - Agra,273.00,31
ORD-01120,2026-03-12,C0396,Shahganj,Mama's Kitchen,₹233,49 min
ORD-01121,12/03/2026,C0439,SIKANDRA,Green Bowl Salads,₹312,47
ORD-01122,12/03/2026,C0476,Balkeshwar,Kamla Nagar Chaat Corner,₹203,28
ORD-01123,2026-03-12,C0563,Sikandra,Petha Point Cafe,128,43
ORD-01124,Mar 12 2026,C0611,Shahganj,Taj Biryani Co,356.00,53
ORD-01125,12/03/2026,C0631,Shahganj,Southern Spice,₹352,63
ORD-01126,12/03/2026,C0639,Dayalbagh,Southern Spice,230,20
ORD-01127,2026-03-12,C0700,Shahganj,Mama's Kitchen,319,40
ORD-01128,2026-03-12,C0743,Sikandra,Agra Tandoor House,₹250,50
ORD-01129,2026-03-12,C0751,Dayalbagh,Agra Tandoor House,₹407,36
ORD-01130,2026-03-12,C0791,Civil Lines,mamas kitchen ,₹259,25
ORD-01131,2026-03-12,C0803,Shahganj,MAMAS KITCHEN,536,48
ORD-01132,Mar 12 2026,C0810,Shahganj,Taj Biryani Co,334,35
ORD-01133,Mar 12 2026,C0820,SIKANDRA,Kamla Nagar Chaat Corner,159,34 min
ORD-01134,12/03/2026,C0835,sikandra ,Taj Biryani Co,318.00,52
ORD-01135,2026-03-12,C0901,SANJAY PLACE,Agra Tandoor House,₹162,21
ORD-01136,2026-03-12,C0922,Tajganj,Crust & Co Pizza,₹361,44 min
ORD-01137,Mar 12 2026,C0993,Sikandra,Crust & Co Pizza,191.00,43
ORD-01138,13/03/2026,C0002,Civil Lines,mamas kitchen ,320.00,34
ORD-01139,2026-03-13,C0024,Kamla Nagar,Agra Tandoor House,386.00,14 min
ORD-01140,13/03/2026,C0038,Tajganj,Mama's Kitchen,326,43
ORD-01141,2026-03-13,C0093,Sanjay Place,Crust & Co Pizza,459,39 min
ORD-01142,13/03/2026,C0111,TAJGANJ,mamas kitchen ,₹358,47 min
ORD-01143,2026-03-13,C0301,Sikandra,Kamla Nagar Chaat Corner,₹146,49
ORD-01144,13/03/2026,C0340,dayalbagh ,Mama's Kitchen,414.00,22
ORD-01145,13/03/2026,C0423,tajganj ,Taj Biryani Co,₹288,22 min
ORD-01146,Mar 13 2026,C0455,Balkeshwar,Southern Spice,265.00,32
ORD-01147,13/03/2026,C0557,Shahganj,mamas kitchen ,₹215,56
ORD-01148,13/03/2026,C0574,Dayalbagh,Taj Biryani Co,₹286,
ORD-01149,2026-03-13,C0578,Kamla Nagar,Crust & Co Pizza,₹290,18 min
ORD-01150,2026-03-13,C0674,Kamla Nagar,Green Bowl Salads,₹326,32
ORD-01151,13/03/2026,C0691,Sikandra,Southern Spice,244,30
ORD-01152,2026-03-13,C0747,Shahganj,Mama's Kitchen - Agra,381,41
ORD-01153,13/03/2026,C0750,Balkeshwar,Petha Point Cafe,₹144,28
ORD-01154,2026-03-13,C0789,Dayalbagh,Mama's Kitchen,₹299,40
ORD-01155,13/03/2026,C0846,Balkeshwar,Agra Tandoor House,₹198,21 min
ORD-01156,2026-03-13,C0904,Balkeshwar,Mama's Kitchen,₹271,37
ORD-01157,13/03/2026,C0916,BALKESHWAR,MAMAS KITCHEN,465,35 min
ORD-01158,13/03/2026,C0934,Civil Lines,Crust & Co Pizza,₹338,31
ORD-01159,2026-03-13,C0969,Civil Lines,Kamla Nagar Chaat Corner,174,23
ORD-01160,13/03/2026,C1005,balkeshwar ,Southern Spice,229.00,25
ORD-01161,13/03/2026,C1029,Shahganj,Kamla Nagar Chaat Corner,161.00,35
ORD-01162,2026-03-13,C1033,Sikandra,Petha Point Cafe,₹174,41
ORD-01163,14/03/2026,C0078,Sikandra,Mama's Kitchen,243,48
ORD-01164,14/03/2026,C0105,Shahganj,Taj Biryani Co,293,46 min
ORD-01165,Mar 14 2026,C0180,Sikandra,MAMAS KITCHEN,₹121,40
ORD-01166,2026-03-14,C0201,Shahganj,Mama's Kitchen,₹357,49
ORD-01167,14/03/2026,C0257,Kamla Nagar,Agra Tandoor House,₹311,24
ORD-01168,Mar 14 2026,C0259,Shahganj,Taj Biryani Co,₹388,51
ORD-01169,2026-03-14,C0262,Shahganj,Agra Tandoor House,₹328,34
ORD-01170,14/03/2026,C0286,shahganj ,Kamla Nagar Chaat Corner,113,53
ORD-01171,2026-03-14,C0328,Balkeshwar,Taj Biryani Co,₹417,44
ORD-01172,Mar 14 2026,C0457,kamla nagar ,Agra Tandoor House,236,20
ORD-01173,2026-03-14,C0568,Shahganj,Agra Tandoor House,₹374,43
ORD-01174,2026-03-14,C0633,Sikandra,Green Bowl Salads,,33
ORD-01175,14/03/2026,C0688,Sikandra,Crust & Co Pizza,₹357,42
ORD-01176,14/03/2026,C0706,Civil Lines,MAMAS KITCHEN,₹405,29
ORD-01177,2026-03-14,C0721,sanjay place ,Petha Point Cafe,₹167,40
ORD-01178,2026-03-14,C0786,Sikandra,Crust & Co Pizza,450,45
ORD-01179,2026-03-14,C0788,Sikandra,Agra Tandoor House,304.00,48
ORD-01180,2026-03-14,C0905,Dayalbagh,MAMAS KITCHEN,303.00,31
ORD-01181,2026-03-14,C0909,DAYALBAGH,Taj Biryani Co,216,31
ORD-01182,Mar 14 2026,C0964,Dayalbagh,MAMAS KITCHEN,301.00,37 min
ORD-01183,2026-03-14,C1019,CIVIL LINES,Mama's Kitchen - Agra,₹430,25
ORD-01184,2026-03-14,C1057,Balkeshwar,Mama's Kitchen,382,31
ORD-01185,2026-03-15,C0003,Sikandra,Taj Biryani Co,₹396,41
ORD-00627,Feb 18 2026,C0483,Sikandra,MAMAS KITCHEN,292,45 min
,2026-03-15,C0065,Sanjay Place,Crust & Co Pizza,535.00,38
ORD-01187,2026-03-15,C0072,Sikandra,mamas kitchen ,₹412,37
ORD-01188,2026-03-15,C0088,Dayalbagh,Kamla Nagar Chaat Corner,175,31
ORD-01189,Mar 15 2026,C0112,Civil Lines,Agra Tandoor House,₹247,28
ORD-01190,2026-03-15,C0114,Shahganj,Crust & Co Pizza,,50
ORD-01191,Mar 15 2026,C0122,Tajganj,Green Bowl Salads,217,47
ORD-01192,2026-03-15,C0205,Kamla Nagar,Taj Biryani Co,153,32
ORD-01193,2026-03-15,C0245,Sikandra,Taj Biryani Co,424,44
ORD-01194,15/03/2026,C0309,kamla nagar ,Green Bowl Salads,271,28
ORD-01195,Mar 15 2026,C0312,Tajganj,Taj Biryani Co,₹342,33
ORD-01196,2026-03-15,C0338,Shahganj,Taj Biryani Co,275,45
ORD-01197,Mar 15 2026,C0362,SHAHGANJ,Agra Tandoor House,₹325,54
ORD-01198,2026-03-15,C0387,Dayalbagh,Mama's Kitchen,383,20
ORD-01199,15/03/2026,C0499,balkeshwar ,MAMAS KITCHEN,366.00,27
ORD-01200,2026-03-15,C0501,Sanjay Place,mamas kitchen ,238,26 min
ORD-01201,2026-03-15,C0517,Shahganj,Agra Tandoor House,519,54
ORD-01202,15/03/2026,C0653,Dayalbagh,Taj Biryani Co,322.00,35
ORD-01203,Mar 15 2026,C0683,Shahganj,Taj Biryani Co,₹407,45
ORD-01204,Mar 15 2026,C0748,Kamla Nagar,Kamla Nagar Chaat Corner,₹132,36 min
ORD-01205,2026-03-15,C0771,Sanjay Place,MAMAS KITCHEN,294.00,37
ORD-01206,2026-03-15,C0778,Sikandra,Southern Spice,₹230,49
ORD-01207,2026-03-15,C0849,BALKESHWAR,Taj Biryani Co,346,30 min
ORD-01208,15/03/2026,C0910,TAJGANJ,Southern Spice,232,29
ORD-01209,Mar 15 2026,C0915,Shahganj,Petha Point Cafe,136,43
ORD-01210,2026-03-15,C0984,Sikandra,Green Bowl Salads,₹151,32
ORD-01211,2026-03-15,C1020,Civil Lines,Mama's Kitchen,365.00,31
ORD-01212,Mar 15 2026,C1038,Dayalbagh,Kamla Nagar Chaat Corner,157,24
ORD-01213,15/03/2026,C1081,Shahganj,Crust & Co Pizza,426,38
ORD-01214,16/03/2026,C0013,Sikandra,Southern Spice,258,41
ORD-01215,2026-03-16,C0030,balkeshwar ,Southern Spice,273,28
ORD-01216,Mar 16 2026,C0069,Shahganj,Agra Tandoor House,509,46
ORD-01217,2026-03-16,C0092,Tajganj,Taj Biryani Co,₹302,27 min
ORD-01218,2026-03-16,C0098,Kamla Nagar,mamas kitchen ,₹509,39
ORD-01219,2026-03-16,C0141,CIVIL LINES,Agra Tandoor House,340,45
ORD-01220,2026-03-16,C0261,Dayalbagh,Taj Biryani Co,₹245,28 min
ORD-01221,2026-03-16,C0289,Dayalbagh,Taj Biryani Co,₹423,23
ORD-01222,16/03/2026,C0295,dayalbagh ,Green Bowl Salads,305,31
ORD-01223,2026-03-16,C0323,Balkeshwar,Kamla Nagar Chaat Corner,₹154,33
ORD-01224,2026-03-16,C0329,tajganj ,Agra Tandoor House,₹480,38
ORD-01225,2026-03-16,C0375,SHAHGANJ,Southern Spice,266.00,38
ORD-01226,Mar 16 2026,C0394,SHAHGANJ,Taj Biryani Co,231.00,48
ORD-01227,2026-03-16,C0400,TAJGANJ,Agra Tandoor House,₹362,24
ORD-01228,16/03/2026,C0438,Shahganj,Mama's Kitchen - Agra,₹317,47
ORD-01229,2026-03-16,C0497,Shahganj,Agra Tandoor House,₹343,50
ORD-01230,2026-03-16,C0506,Kamla Nagar,MAMAS KITCHEN,₹376,21
ORD-01231,16/03/2026,C0528,Tajganj,Mama's Kitchen - Agra,₹444,36
ORD-01232,2026-03-16,C0535,Shahganj,Crust & Co Pizza,449.00,51
ORD-01233,2026-03-16,C0619,SANJAY PLACE,Taj Biryani Co,334,38
ORD-01234,16/03/2026,C0676,Sikandra,Agra Tandoor House,435,50
ORD-01235,16/03/2026,C0768,Balkeshwar,Taj Biryani Co,272,32
ORD-01236,16/03/2026,C0773,Balkeshwar,Mama's Kitchen,369.00,27
ORD-01237,2026-03-16,C0817,Kamla Nagar,Kamla Nagar Chaat Corner,₹80,39
ORD-01238,2026-03-16,C0844,Shahganj,Kamla Nagar Chaat Corner,₹184,39 min
ORD-01239,2026-03-16,C0861,Dayalbagh,Taj Biryani Co,282.00,22 min
ORD-01240,2026-03-16,C1064,Sikandra,Petha Point Cafe,₹195,52 min
ORD-01241,2026-03-16,C1068,Dayalbagh,Kamla Nagar Chaat Corner,168.00,28
ORD-01242,16/03/2026,C1080,Sikandra,Petha Point Cafe,187,44
ORD-01243,2026-03-17,C0035,Kamla Nagar,MAMAS KITCHEN,305,
ORD-01244,2026-03-17,C0057,KAMLA NAGAR,Southern Spice,254,44
ORD-01245,Mar 17 2026,C0081,Kamla Nagar,Mama's Kitchen,348.00,41
ORD-01246,Mar 17 2026,C0084,Balkeshwar,Green Bowl Salads,236,30
ORD-01247,2026-03-17,C0155,Shahganj,Agra Tandoor House,243,45
ORD-01248,2026-03-17,C0223,tajganj ,Southern Spice,₹287,39
ORD-01249,2026-03-17,C0270,Sikandra,Green Bowl Salads,₹330,38
ORD-01250,17/03/2026,C0277,Sikandra,Petha Point Cafe,₹223,47
ORD-01251,2026-03-17,C0324,Shahganj,Crust & Co Pizza,538.00,51
ORD-01252,17/03/2026,C0337,Tajganj,Taj Biryani Co,243.00,16
ORD-01253,2026-03-17,C0410,Sikandra,Southern Spice,206.00,56
ORD-01254,Mar 17 2026,C0521,Kamla Nagar,Taj Biryani Co,₹371,23
ORD-01255,Mar 17 2026,C0527,Shahganj,Mama's Kitchen - Agra,₹406,53
ORD-01256,2026-03-17,C0542,shahganj ,Agra Tandoor House,393,52
ORD-01257,17/03/2026,C0563,Sikandra,Kamla Nagar Chaat Corner,175.00,44
ORD-01258,2026-03-17,C0602,sikandra ,Kamla Nagar Chaat Corner,124.00,37
ORD-01259,2026-03-17,C0643,sikandra ,Crust & Co Pizza,501.00,46
ORD-01260,2026-03-17,C0752,Shahganj,Mama's Kitchen,460,47
ORD-01261,2026-03-17,C0809,Sanjay Place,Green Bowl Salads,₹291,17
ORD-01262,2026-03-17,C0835,Sikandra,Crust & Co Pizza,₹349,44
ORD-01263,Mar 17 2026,C0846,Balkeshwar,Mama's Kitchen,₹353,23 min
ORD-01264,Mar 17 2026,C0862,Sanjay Place,Southern Spice,₹190,22 min
ORD-01265,2026-03-17,C0863,dayalbagh ,Crust & Co Pizza,438,24
ORD-01266,2026-03-17,C0907,Sikandra,Agra Tandoor House,₹464,53 min
ORD-01267,17/03/2026,C0908,Balkeshwar,MAMAS KITCHEN,416.00,19
ORD-01268,2026-03-17,C0980,Shahganj,Kamla Nagar Chaat Corner,170,47
ORD-01269,2026-03-17,C1042,Dayalbagh,Southern Spice,₹284,38
ORD-01270,2026-03-17,C1063,KAMLA NAGAR,Mama's Kitchen,₹312,30
ORD-01271,2026-03-17,C1085,sikandra ,Agra Tandoor House,₹406,44
ORD-01272,Mar 18 2026,C0093,Sanjay Place,Mama's Kitchen - Agra,₹374,23
ORD-01273,18/03/2026,C0096,Sikandra,Agra Tandoor House,₹238,58
ORD-01274,Mar 18 2026,C0125,Civil Lines,Kamla Nagar Chaat Corner,194,36
ORD-01275,2026-03-18,C0148,Sikandra,Mama's Kitchen - Agra,340,41 min
ORD-01276,2026-03-18,C0188,Shahganj,Kamla Nagar Chaat Corner,₹116,46
ORD-01277,2026-03-18,C0228,Shahganj,Kamla Nagar Chaat Corner,₹207,39
ORD-01278,18/03/2026,C0414,Shahganj,Agra Tandoor House,320,52 min
ORD-01279,2026-03-18,C0418,Civil Lines,Mama's Kitchen,289,18 min
,2026-03-18,C0479,Shahganj,Crust & Co Pizza,361.00,57
ORD-01281,Mar 18 2026,C0487,Dayalbagh,mamas kitchen ,₹398,28 min
ORD-01282,2026-03-18,C0503,shahganj ,MAMAS KITCHEN,₹445,40 min
ORD-01283,2026-03-18,C0652,Balkeshwar,Kamla Nagar Chaat Corner,188.00,30
ORD-01284,2026-03-18,C0662,sikandra ,Petha Point Cafe,102.00,38 min
ORD-01285,2026-03-18,C0677,Sanjay Place,Mama's Kitchen - Agra,249,21
ORD-01286,Mar 18 2026,C0687,Kamla Nagar,Mama's Kitchen,271,29 min
ORD-01287,Mar 18 2026,C0706,Civil Lines,Kamla Nagar Chaat Corner,₹91,32
ORD-01288,2026-03-18,C0777,shahganj ,Mama's Kitchen - Agra,369,45 min
ORD-01180,2026-03-14,C0905,Dayalbagh,MAMAS KITCHEN,303.00,31
ORD-01289,18/03/2026,C0913,Kamla Nagar,Crust & Co Pizza,261,35
ORD-01290,2026-03-18,C0921,Balkeshwar,MAMAS KITCHEN,382,34 min
ORD-01291,2026-03-18,C1092,SHAHGANJ,Agra Tandoor House,462.00,37
ORD-01292,2026-03-19,C0021,Balkeshwar,Taj Biryani Co,₹283,28 min
ORD-01293,2026-03-19,C0068,Tajganj,Southern Spice,₹199,28 min
ORD-01294,2026-03-19,C0075,Sanjay Place,Agra Tandoor House,365.00,26
ORD-01295,2026-03-19,C0259,Shahganj,Kamla Nagar Chaat Corner,171,40
ORD-01296,2026-03-19,C0309,Kamla Nagar,mamas kitchen ,₹213,15
ORD-01297,2026-03-19,C0321,Sikandra,Kamla Nagar Chaat Corner,200,39
ORD-01298,Mar 19 2026,C0364,Shahganj,Taj Biryani Co,,55
ORD-01299,2026-03-19,C0573,Shahganj,Kamla Nagar Chaat Corner,133,29 min
ORD-01300,2026-03-19,C0674,Kamla Nagar,Agra Tandoor House,₹334,36 min
ORD-01301,2026-03-19,C0762,Sikandra,MAMAS KITCHEN,561.00,37
ORD-01302,2026-03-19,C0838,tajganj ,Agra Tandoor House,400,22
ORD-01303,19/03/2026,C0906,civil lines ,Mama's Kitchen,295.00,30
ORD-01304,2026-03-19,C0933,Shahganj,Taj Biryani Co,₹207,52
ORD-01305,2026-03-19,C0939,Shahganj,Agra Tandoor House,338.00,47
ORD-01306,2026-03-19,C0966,Sanjay Place,Green Bowl Salads,245.00,24
,2026-03-19,C0984,Sikandra,mamas kitchen ,390,49
ORD-01308,19/03/2026,C1013,Dayalbagh,Southern Spice,286,43
ORD-01309,2026-03-19,C1099,shahganj ,Taj Biryani Co,323,41
ORD-01310,2026-03-20,C0117,Civil Lines,Agra Tandoor House,254.00,30 min
ORD-01311,2026-03-20,C0162,Balkeshwar,Taj Biryani Co,340.00,29 min
ORD-01312,2026-03-20,C0200,Dayalbagh,Green Bowl Salads,234.00,22
ORD-01313,20/03/2026,C0231,Civil Lines,Taj Biryani Co,409.00,37
ORD-01314,2026-03-20,C0247,Sanjay Place,Petha Point Cafe,₹160,25
ORD-01315,Mar 20 2026,C0257,Kamla Nagar,Agra Tandoor House,331.00,41
ORD-01316,2026-03-20,C0470,Sanjay Place,Mama's Kitchen,301.00,31 min
ORD-01317,Mar 20 2026,C0498,Dayalbagh,Green Bowl Salads,374,29
ORD-01318,2026-03-20,C0511,Balkeshwar,Mama's Kitchen,₹375,28
ORD-01319,2026-03-20,C0536,Balkeshwar,Mama's Kitchen,334,34
ORD-01320,20/03/2026,C0558,Tajganj,Agra Tandoor House,₹234,23
ORD-01321,20/03/2026,C0594,Tajganj,Mama's Kitchen - Agra,512,25
ORD-01322,2026-03-20,C0605,Civil Lines,Agra Tandoor House,₹312,32
ORD-01323,2026-03-20,C0639,Dayalbagh,Agra Tandoor House,₹443,28 min
ORD-01324,2026-03-20,C0773,Balkeshwar,Agra Tandoor House,355,
ORD-01325,2026-03-20,C0778,sikandra ,Crust & Co Pizza,508,47
ORD-01326,2026-03-20,C0781,Civil Lines,Southern Spice,186,33 min
ORD-01327,2026-03-20,C0799,Shahganj,Petha Point Cafe,₹267,43
ORD-01328,2026-03-20,C0839,Kamla Nagar,Taj Biryani Co,434,30
ORD-01329,20/03/2026,C0947,Tajganj,Kamla Nagar Chaat Corner,₹131,33 min
ORD-01330,20/03/2026,C1029,Shahganj,Mama's Kitchen,272.00,42
ORD-01331,Mar 20 2026,C1073,Dayalbagh,Mama's Kitchen - Agra,₹497,30
ORD-01332,2026-03-21,C0008,DAYALBAGH,Taj Biryani Co,283,25
ORD-01333,21/03/2026,C0010,Balkeshwar,Agra Tandoor House,207,38
ORD-01334,2026-03-21,C0039,Sikandra,Petha Point Cafe,₹255,47
ORD-01335,2026-03-21,C0088,Dayalbagh,Taj Biryani Co,389,26 min
ORD-01336,2026-03-21,C0197,Civil Lines,Taj Biryani Co,322,28
ORD-01337,2026-03-21,C0205,kamla nagar ,Agra Tandoor House,304.00,41
ORD-01338,21/03/2026,C0278,Dayalbagh,Taj Biryani Co,279.00,36 min
ORD-01339,2026-03-21,C0378,Dayalbagh,mamas kitchen ,392,39
ORD-01340,Mar 21 2026,C0448,shahganj ,Taj Biryani Co,297.00,37
ORD-01341,2026-03-21,C0601,Civil Lines,Mama's Kitchen,₹395,29
ORD-01342,21/03/2026,C0615,Shahganj,Southern Spice,₹317,38
ORD-01343,2026-03-21,C0628,Civil Lines,Southern Spice,₹249,34 min
ORD-01344,2026-03-21,C0660,Shahganj,Agra Tandoor House,₹353,34
ORD-01345,21/03/2026,C0667,Shahganj,Taj Biryani Co,254,
ORD-01346,21/03/2026,C0688,SIKANDRA,Petha Point Cafe,159.00,42
ORD-01347,Mar 21 2026,C0721,Sanjay Place,Taj Biryani Co,360,28
ORD-01348,2026-03-21,C0750,Balkeshwar,Green Bowl Salads,₹308,22
ORD-01349,2026-03-21,C0783,Sikandra,Petha Point Cafe,213,55
ORD-01350,2026-03-21,C0786,Sikandra,Petha Point Cafe,170.00,57
ORD-01351,2026-03-21,C0791,Civil Lines,Agra Tandoor House,₹267,32
ORD-01352,2026-03-21,C0805,Shahganj,Agra Tandoor House,475,47
ORD-01353,2026-03-21,C0893,Shahganj,Petha Point Cafe,227,40
ORD-01354,2026-03-21,C0949,Kamla Nagar,Mama's Kitchen - Agra,₹318,26
ORD-01355,21/03/2026,C1004,BALKESHWAR,Mama's Kitchen,456,42
ORD-01356,2026-03-21,C1017,TAJGANJ,Kamla Nagar Chaat Corner,112.00,30
ORD-01357,2026-03-21,C1026,Civil Lines,Taj Biryani Co,329,29
ORD-01358,2026-03-22,C0062,Sikandra,Green Bowl Salads,418.00,41 min
ORD-01359,2026-03-22,C0095,sanjay place ,Green Bowl Salads,₹203,33
ORD-01360,2026-03-22,C0133,Kamla Nagar,MAMAS KITCHEN,388,40
ORD-01361,Mar 22 2026,C0203,Civil Lines,Taj Biryani Co,436.00,40 min
ORD-01362,2026-03-22,C0241,Shahganj,MAMAS KITCHEN,₹350,46
ORD-01363,2026-03-22,C0254,Balkeshwar,Kamla Nagar Chaat Corner,175.00,31
ORD-01364,2026-03-22,C0262,Shahganj,Mama's Kitchen,209.00,51
ORD-01365,2026-03-22,C0358,sanjay place ,Agra Tandoor House,₹386,31
ORD-01366,22/03/2026,C0371,Shahganj,Agra Tandoor House,282.00,41
ORD-01367,22/03/2026,C0375,Shahganj,Crust & Co Pizza,530.00,42
ORD-01368,2026-03-22,C0391,SHAHGANJ,Crust & Co Pizza,300,38
ORD-01369,2026-03-22,C0402,Shahganj,Southern Spice,312,45
ORD-01370,22/03/2026,C0419,Civil Lines,Agra Tandoor House,242,33
,2026-03-22,C0439,SIKANDRA,Agra Tandoor House,₹329,40
ORD-01372,22/03/2026,C0443,SIKANDRA,Southern Spice,120,52
ORD-01373,22/03/2026,C0531,Sanjay Place,Mama's Kitchen,347.00,25
ORD-01374,2026-03-22,C0563,Sikandra,Petha Point Cafe,₹183,54 min
ORD-01375,2026-03-22,C0570,Sikandra,Crust & Co Pizza,535,54
ORD-01376,2026-03-22,C0635,Kamla Nagar,Mama's Kitchen,₹269,27 min
ORD-01377,22/03/2026,C0717,KAMLA NAGAR,Crust & Co Pizza,388,31
ORD-01378,2026-03-22,C0821,Shahganj,Southern Spice,367.00,52
ORD-01379,2026-03-22,C0850,Balkeshwar,MAMAS KITCHEN,331.00,31
ORD-01380,22/03/2026,C0863,Dayalbagh,Taj Biryani Co,244,12 min
ORD-01381,2026-03-22,C0904,Balkeshwar,Southern Spice,222.00,48
ORD-01382,2026-03-22,C0924,Sanjay Place,MAMAS KITCHEN,₹464,30
ORD-01383,2026-03-22,C0986,Civil Lines,Petha Point Cafe,272,26
ORD-01384,2026-03-22,C1033,SIKANDRA,Petha Point Cafe,₹114,47 min
ORD-01385,2026-03-22,C1034,Shahganj,Petha Point Cafe,234,40
ORD-01386,2026-03-22,C1059,sikandra ,Mama's Kitchen - Agra,,45
ORD-01387,2026-03-22,C1085,Sikandra,Taj Biryani Co,₹308,51
ORD-01388,2026-03-23,C0009,Dayalbagh,Mama's Kitchen,414.00,32
ORD-00434,07/02/2026,C0811,Dayalbagh,Agra Tandoor House,280.00,21 min
ORD-01389,23/03/2026,C0038,Tajganj,Taj Biryani Co,₹208,28
ORD-01390,23/03/2026,C0081,Kamla Nagar,mamas kitchen ,₹327,30
ORD-01391,Mar 23 2026,C0153,SHAHGANJ,Kamla Nagar Chaat Corner,₹178,36
ORD-01392,23/03/2026,C0176,Balkeshwar,mamas kitchen ,₹272,16
ORD-01393,2026-03-23,C0269,SIKANDRA,Kamla Nagar Chaat Corner,₹152,41
ORD-01394,Mar 23 2026,C0295,Dayalbagh,Crust & Co Pizza,458,40
ORD-01395,2026-03-23,C0303,Kamla Nagar,Mama's Kitchen,₹250,22
ORD-01396,2026-03-23,C0372,Sikandra,Petha Point Cafe,146.00,46 min
ORD-01397,2026-03-23,C0379,balkeshwar ,Agra Tandoor House,291,35 min
ORD-01398,2026-03-23,C0396,Shahganj,Taj Biryani Co,460,45 min
ORD-01399,2026-03-23,C0416,Shahganj,Mama's Kitchen - Agra,404.00,63
ORD-01400,23/03/2026,C0501,Sanjay Place,Taj Biryani Co,₹312,36
ORD-01401,Mar 23 2026,C0549,Shahganj,Taj Biryani Co,₹490,40
ORD-01402,2026-03-23,C0551,Shahganj,Kamla Nagar Chaat Corner,₹118,40
ORD-01403,2026-03-23,C0708,Shahganj,MAMAS KITCHEN,405.00,49
ORD-01404,23/03/2026,C0723,DAYALBAGH,Agra Tandoor House,₹460,28
ORD-01405,2026-03-23,C0803,Shahganj,Taj Biryani Co,₹503,45
ORD-01406,2026-03-23,C0820,Sikandra,Southern Spice,₹363,40
ORD-01407,2026-03-23,C0876,Shahganj,Mama's Kitchen,193.00,48
ORD-01408,Mar 23 2026,C0905,Dayalbagh,Southern Spice,203.00,32 min
ORD-01409,2026-03-23,C0915,Shahganj,Mama's Kitchen,₹506,40
ORD-01410,Mar 23 2026,C0980,SHAHGANJ,Kamla Nagar Chaat Corner,₹183,59
ORD-01411,2026-03-23,C1025,BALKESHWAR,Agra Tandoor House,364.00,30
ORD-01412,2026-03-23,C1056,Sikandra,Agra Tandoor House,356,
ORD-01413,24/03/2026,C0026,Balkeshwar,Mama's Kitchen,363,30
ORD-01414,2026-03-24,C0049,Sikandra,Green Bowl Salads,,34
ORD-01415,24/03/2026,C0112,Civil Lines,Kamla Nagar Chaat Corner,₹110,35 min
ORD-01416,2026-03-24,C0125,Civil Lines,Mama's Kitchen,311.00,21
ORD-01417,2026-03-24,C0143,Kamla Nagar,Taj Biryani Co,214.00,32 min
ORD-01418,24/03/2026,C0174,Kamla Nagar,Mama's Kitchen,₹326,27
ORD-01419,24/03/2026,C0179,Dayalbagh,Southern Spice,₹240,24
ORD-01420,2026-03-24,C0235,Tajganj,mamas kitchen ,294,27
ORD-01421,24/03/2026,C0242,Sanjay Place,Petha Point Cafe,286,31 min
ORD-01422,24/03/2026,C0266,Kamla Nagar,Kamla Nagar Chaat Corner,,41
ORD-01423,24/03/2026,C0281,SIKANDRA,Agra Tandoor House,263,67
ORD-01424,2026-03-24,C0306,Sikandra,Petha Point Cafe,₹202,55
ORD-01425,Mar 24 2026,C0400,tajganj ,Crust & Co Pizza,₹238,29
ORD-01426,2026-03-24,C0424,Tajganj,Taj Biryani Co,383,31 min
ORD-01427,Mar 24 2026,C0538,Shahganj,Mama's Kitchen - Agra,298,43
ORD-02526,12/05/2026,C0654,Balkeshwar,Crust & Co Pizza,468.00,34
ORD-01428,24/03/2026,C0618,tajganj ,Petha Point Cafe,₹222,40
ORD-01429,2026-03-24,C0666,Shahganj,Mama's Kitchen - Agra,377.00,32
ORD-01430,2026-03-24,C0678,Sikandra,mamas kitchen ,345.00,46 min
ORD-01431,2026-03-24,C0697,Kamla Nagar,Mama's Kitchen,302,39 min
ORD-01432,24/03/2026,C0714,SHAHGANJ,Southern Spice,₹166,41
ORD-01433,Mar 24 2026,C0718,Sikandra,Green Bowl Salads,₹425,44
ORD-01434,24/03/2026,C0720,Balkeshwar,Mama's Kitchen - Agra,₹377,32
ORD-01435,2026-03-24,C0737,Dayalbagh,Agra Tandoor House,402,19 min
ORD-01436,2026-03-24,C0743,Sikandra,Crust & Co Pizza,₹408,36
ORD-01437,2026-03-24,C0806,Dayalbagh,Mama's Kitchen - Agra,331,29
ORD-01438,24/03/2026,C0808,DAYALBAGH,Kamla Nagar Chaat Corner,97,26 min
ORD-01439,2026-03-24,C0853,SIKANDRA,Green Bowl Salads,₹361,47
ORD-03278,Jun 29 2026,C0268,balkeshwar ,MAMAS KITCHEN,₹190,35
ORD-01440,2026-03-24,C0909,DAYALBAGH,Kamla Nagar Chaat Corner,₹136,17
ORD-01441,2026-03-24,C0910,Tajganj,Green Bowl Salads,₹355,24
ORD-01442,24/03/2026,C0984,Sikandra,Southern Spice,₹190,49
ORD-01443,2026-03-24,C1005,Balkeshwar,Agra Tandoor House,408,43
ORD-01444,24/03/2026,C1041,Sikandra,Agra Tandoor House,,48
ORD-01445,Mar 24 2026,C1054,Balkeshwar,Crust & Co Pizza,294,36
ORD-01446,25/03/2026,C0119,Shahganj,Mama's Kitchen - Agra,₹269,34 min
ORD-01447,25/03/2026,C0278,DAYALBAGH,Crust & Co Pizza,₹467,37
ORD-01448,25/03/2026,C0288,Balkeshwar,Southern Spice,312.00,26
ORD-01449,Mar 25 2026,C0289,Dayalbagh,Taj Biryani Co,299,29 min
,2026-03-25,C0300,Shahganj,mamas kitchen ,427,30
ORD-01309,2026-03-19,C1099,shahganj ,Taj Biryani Co,323,41
ORD-01451,Mar 25 2026,C0321,Sikandra,Mama's Kitchen - Agra,₹342,44 min
ORD-01452,2026-03-25,C0326,SANJAY PLACE,Mama's Kitchen - Agra,₹268,29
ORD-01453,2026-03-25,C0336,Dayalbagh,Kamla Nagar Chaat Corner,119.00,30
ORD-01454,25/03/2026,C0343,Sanjay Place,Crust & Co Pizza,463.00,34
ORD-01455,2026-03-25,C0482,Sikandra,Mama's Kitchen - Agra,226.00,40
ORD-01456,2026-03-25,C0508,Civil Lines,Mama's Kitchen - Agra,₹210,28
ORD-01457,2026-03-25,C0522,Dayalbagh,Mama's Kitchen - Agra,₹354,30
ORD-01458,2026-03-25,C0615,Shahganj,Agra Tandoor House,171,44 min
ORD-01459,2026-03-25,C0774,Sikandra,Kamla Nagar Chaat Corner,164,46
ORD-01460,25/03/2026,C0777,SHAHGANJ,Petha Point Cafe,₹174,54
ORD-01461,2026-03-25,C0791,Civil Lines,Crust & Co Pizza,475.00,41
ORD-01462,2026-03-25,C0792,Shahganj,Southern Spice,267,37
ORD-01463,Mar 25 2026,C0800,Sikandra,Petha Point Cafe,137,33
ORD-01464,2026-03-25,C0804,Shahganj,Petha Point Cafe,192.00,42
ORD-01465,2026-03-25,C0817,Kamla Nagar,Agra Tandoor House,367.00,25
ORD-01466,Mar 25 2026,C0897,SIKANDRA,Agra Tandoor House,439,36 min
ORD-01467,2026-03-25,C0929,Tajganj,Mama's Kitchen,₹257,40
ORD-01468,25/03/2026,C0935,SHAHGANJ,Kamla Nagar Chaat Corner,195.00,40
ORD-01469,2026-03-25,C1043,tajganj ,Crust & Co Pizza,₹395,31
ORD-01470,25/03/2026,C1065,shahganj ,Crust & Co Pizza,392.00,59
ORD-01471,2026-03-25,C1095,Sanjay Place,Southern Spice,273,37 min
ORD-01472,Mar 26 2026,C0003,Sikandra,Crust & Co Pizza,251,42
ORD-01473,2026-03-26,C0013,Sikandra,Kamla Nagar Chaat Corner,165.00,55 min
ORD-01474,Mar 26 2026,C0071,Civil Lines,Kamla Nagar Chaat Corner,₹189,24
ORD-01475,2026-03-26,C0076,Sikandra,Mama's Kitchen,485,42 min
ORD-01476,Mar 26 2026,C0133,Kamla Nagar,Crust & Co Pizza,505,26
ORD-01477,2026-03-26,C0263,Tajganj,Mama's Kitchen - Agra,₹380,35 min
ORD-01478,26/03/2026,C0310,Sikandra,Agra Tandoor House,438,47
ORD-01479,Mar 26 2026,C0323,Balkeshwar,Agra Tandoor House,327.00,
ORD-01480,2026-03-26,C0455,Balkeshwar,Mama's Kitchen - Agra,₹402,40 min
ORD-01481,2026-03-26,C0487,Dayalbagh,Petha Point Cafe,161,23
ORD-01482,Mar 26 2026,C0488,Dayalbagh,Green Bowl Salads,₹320,35 min
ORD-01483,2026-03-26,C0663,tajganj ,Taj Biryani Co,₹295,41
ORD-01484,2026-03-26,C0754,Civil Lines,Agra Tandoor House,253.00,27
ORD-01485,2026-03-26,C0801,Shahganj,Green Bowl Salads,₹229,63
ORD-01486,2026-03-26,C0809,Sanjay Place,Green Bowl Salads,217.00,35
ORD-01487,Mar 26 2026,C0901,Sanjay Place,Crust & Co Pizza,467,26
ORD-01488,2026-03-26,C0908,Balkeshwar,Petha Point Cafe,₹155,33
ORD-01489,2026-03-26,C1087,Shahganj,mamas kitchen ,297.00,40
ORD-01490,2026-03-26,C1098,balkeshwar ,Kamla Nagar Chaat Corner,₹93,26
,2026-03-27,C0084,Balkeshwar,Agra Tandoor House,378,29 min
ORD-01492,2026-03-27,C0086,CIVIL LINES,Taj Biryani Co,187,30 min
ORD-01493,27/03/2026,C0102,Shahganj,Agra Tandoor House,₹472,44
ORD-01494,2026-03-27,C0200,Dayalbagh,Taj Biryani Co,₹246,37
ORD-01495,27/03/2026,C0290,Balkeshwar,Agra Tandoor House,₹441,45
ORD-01496,2026-03-27,C0309,Kamla Nagar,Kamla Nagar Chaat Corner,114.00,35 min
ORD-01497,2026-03-27,C0312,Tajganj,Mama's Kitchen,349.00,30
ORD-01498,2026-03-27,C0327,Shahganj,Mama's Kitchen,₹459,40
ORD-01499,2026-03-27,C0334,Sikandra,Crust & Co Pizza,658,51
ORD-01500,2026-03-27,C0366,Balkeshwar,Green Bowl Salads,286,29 min
ORD-01501,2026-03-27,C0501,Sanjay Place,Petha Point Cafe,192,
ORD-01502,2026-03-27,C0568,Shahganj,Crust & Co Pizza,₹155,45
ORD-01503,2026-03-27,C0691,SIKANDRA,Taj Biryani Co,437,28
ORD-01504,2026-03-27,C0727,Dayalbagh,Agra Tandoor House,,34
ORD-01505,2026-03-27,C0764,Shahganj,Kamla Nagar Chaat Corner,193,47
ORD-01506,2026-03-27,C0813,shahganj ,MAMAS KITCHEN,₹369,44 min
ORD-01507,2026-03-27,C0829,Sikandra,Mama's Kitchen - Agra,185,39 min
ORD-01508,2026-03-27,C0915,Shahganj,MAMAS KITCHEN,381,46
ORD-01509,Mar 27 2026,C0930,Dayalbagh,Crust & Co Pizza,309.00,41
ORD-01510,2026-03-27,C0931,Dayalbagh,Mama's Kitchen,82,34
ORD-01511,27/03/2026,C0990,BALKESHWAR,Crust & Co Pizza,553,31
ORD-01512,2026-03-27,C0993,Sikandra,Petha Point Cafe,109,50
ORD-01513,27/03/2026,C0994,Sikandra,Petha Point Cafe,232.00,50 min
ORD-01514,2026-03-27,C1000,sanjay place ,Southern Spice,205.00,35
ORD-01515,2026-03-27,C1008,Shahganj,Green Bowl Salads,₹255,49 min
ORD-01516,2026-03-27,C1019,CIVIL LINES,Agra Tandoor House,₹223,33
ORD-01517,27/03/2026,C1060,Dayalbagh,Mama's Kitchen - Agra,₹422,39
ORD-01518,27/03/2026,C1093,Sikandra,Petha Point Cafe,₹157,42
ORD-01519,28/03/2026,C0002,civil lines ,Petha Point Cafe,205,20
ORD-01520,2026-03-28,C0175,Sikandra,Agra Tandoor House,394.00,48
ORD-01521,2026-03-28,C0212,Dayalbagh,MAMAS KITCHEN,485,25
ORD-01522,2026-03-28,C0282,Shahganj,Green Bowl Salads,₹300,51 min
ORD-01523,2026-03-28,C0295,Dayalbagh,Agra Tandoor House,₹240,27
ORD-01524,2026-03-28,C0380,Kamla Nagar,Taj Biryani Co,315.00,37
ORD-01525,2026-03-28,C0626,TAJGANJ,Kamla Nagar Chaat Corner,₹169,33
ORD-01526,2026-03-28,C0736,Civil Lines,Green Bowl Salads,₹310,29
ORD-01527,2026-03-28,C0784,Dayalbagh,Mama's Kitchen - Agra,276.00,31 min
ORD-01528,2026-03-28,C0849,Balkeshwar,Taj Biryani Co,₹336,25
ORD-01529,2026-03-28,C0864,KAMLA NAGAR,mamas kitchen ,347,18
ORD-01530,2026-03-28,C0986,CIVIL LINES,Petha Point Cafe,₹169,23
ORD-01531,28/03/2026,C1028,Kamla Nagar,Mama's Kitchen - Agra,₹394,31 min
ORD-01532,2026-03-28,C1058,Tajganj,Mama's Kitchen,370,28
ORD-01533,2026-03-28,C1080,SIKANDRA,Petha Point Cafe,₹179,53
ORD-01534,29/03/2026,C0011,sikandra ,Taj Biryani Co,₹406,41
ORD-01535,2026-03-29,C0151,Shahganj,MAMAS KITCHEN,₹249,35
ORD-01536,29/03/2026,C0155,Shahganj,Crust & Co Pizza,543,39
ORD-01537,Mar 29 2026,C0182,Kamla Nagar,Taj Biryani Co,290.00,36
ORD-01538,2026-03-29,C0247,Sanjay Place,Mama's Kitchen,237,37 min
ORD-01539,2026-03-29,C0257,Kamla Nagar,Kamla Nagar Chaat Corner,185,28
ORD-01540,2026-03-29,C0280,tajganj ,Kamla Nagar Chaat Corner,181.00,36 min
ORD-01541,Mar 29 2026,C0328,BALKESHWAR,Agra Tandoor House,₹285,34
ORD-01542,29/03/2026,C0330,Dayalbagh,Mama's Kitchen,₹396,25
ORD-01543,29/03/2026,C0338,Shahganj,mamas kitchen ,₹243,43
ORD-01544,2026-03-29,C0359,Tajganj,Agra Tandoor House,₹108,40
ORD-01545,29/03/2026,C0483,Sikandra,Green Bowl Salads,249,39
ORD-01546,Mar 29 2026,C0511,Balkeshwar,Kamla Nagar Chaat Corner,₹172,32 min
ORD-01547,29/03/2026,C0558,Tajganj,Green Bowl Salads,,29
ORD-01548,29/03/2026,C0619,Sanjay Place,Southern Spice,₹212,30
ORD-01549,2026-03-29,C0633,Sikandra,Taj Biryani Co,₹457,33
ORD-01550,29/03/2026,C0740,Sanjay Place,MAMAS KITCHEN,335,36
ORD-01551,2026-03-29,C0780,Sanjay Place,Mama's Kitchen,316.00,41
ORD-01552,2026-03-29,C0789,Dayalbagh,Taj Biryani Co,₹337,44
ORD-01553,29/03/2026,C0804,Shahganj,MAMAS KITCHEN,₹497,35
ORD-01554,29/03/2026,C0823,Shahganj,Southern Spice,₹435,43
ORD-01555,Mar 29 2026,C0833,Shahganj,Mama's Kitchen,₹316,33
ORD-01556,29/03/2026,C0840,Sikandra,Green Bowl Salads,₹265,43
ORD-01557,Mar 29 2026,C0875,SIKANDRA,mamas kitchen ,389.00,40
ORD-01558,29/03/2026,C0942,Balkeshwar,Petha Point Cafe,₹228,32
ORD-01559,2026-03-29,C0947,Tajganj,MAMAS KITCHEN,₹359,43 min
ORD-01560,2026-03-30,C0046,Balkeshwar,Agra Tandoor House,₹367,24
ORD-01561,30/03/2026,C0057,Kamla Nagar,Crust & Co Pizza,392,34 min
ORD-01562,2026-03-30,C0133,Kamla Nagar,Kamla Nagar Chaat Corner,167,42
ORD-01563,30/03/2026,C0294,Sikandra,Taj Biryani Co,307.00,37
ORD-01564,30/03/2026,C0402,SHAHGANJ,Kamla Nagar Chaat Corner,126,47
ORD-01565,2026-03-30,C0403,Balkeshwar,Southern Spice,₹273,24
ORD-01566,2026-03-30,C0418,Civil Lines,Southern Spice,₹278,39
ORD-01567,Mar 30 2026,C0419,Civil Lines,Kamla Nagar Chaat Corner,,31
ORD-01568,2026-03-30,C0450,Sikandra,Kamla Nagar Chaat Corner,₹142,39
ORD-01569,2026-03-30,C0615,Shahganj,Petha Point Cafe,₹150,54
ORD-01570,30/03/2026,C0693,Tajganj,Kamla Nagar Chaat Corner,111,34
ORD-01571,2026-03-30,C0711,Sikandra,Taj Biryani Co,107.00,41
ORD-01572,30/03/2026,C0751,Dayalbagh,Petha Point Cafe,267.00,20 min
ORD-01573,2026-03-30,C0830,Shahganj,mamas kitchen ,₹245,50
ORD-01574,30/03/2026,C0835,SIKANDRA,Mama's Kitchen,₹327,46
ORD-01575,2026-03-30,C0837,SANJAY PLACE,Agra Tandoor House,₹473,30
ORD-01576,30/03/2026,C0853,Sikandra,Green Bowl Salads,376.00,40
ORD-01577,2026-03-30,C0934,Civil Lines,Agra Tandoor House,₹417,32 min
ORD-01578,2026-03-30,C0943,DAYALBAGH,MAMAS KITCHEN,331,29
ORD-01579,2026-03-30,C0953,Sikandra,Green Bowl Salads,279.00,50
ORD-00692,2026-02-21,C0658,dayalbagh ,Agra Tandoor House,₹483,33
ORD-01580,2026-03-30,C0958,Kamla Nagar,MAMAS KITCHEN,₹524,43
ORD-01581,2026-03-30,C1049,Balkeshwar,Crust & Co Pizza,330,45
ORD-01582,2026-03-30,C1063,Kamla Nagar,Crust & Co Pizza,₹501,22
ORD-01583,31/03/2026,C0064,Shahganj,Agra Tandoor House,₹345,44
ORD-01584,2026-03-31,C0086,Civil Lines,Mama's Kitchen - Agra,344.00,29
ORD-01585,2026-03-31,C0178,Sanjay Place,Petha Point Cafe,221,36
ORD-01586,2026-03-31,C0245,Sikandra,Crust & Co Pizza,514.00,37
ORD-01587,2026-03-31,C0276,Kamla Nagar,Agra Tandoor House,398.00,15 min
ORD-01588,Mar 31 2026,C0284,Kamla Nagar,Green Bowl Salads,₹336,35
ORD-01589,2026-03-31,C0336,Dayalbagh,mamas kitchen ,₹412,35
ORD-01590,31/03/2026,C0372,Sikandra,Agra Tandoor House,₹324,32
ORD-01591,Mar 31 2026,C0407,DAYALBAGH,Agra Tandoor House,₹277,20
ORD-01592,31/03/2026,C0465,Sikandra,Kamla Nagar Chaat Corner,₹132,35
ORD-01593,31/03/2026,C0522,Dayalbagh,Agra Tandoor House,529,32
ORD-01594,Mar 31 2026,C0602,SIKANDRA,Agra Tandoor House,₹442,49
ORD-01595,2026-03-31,C0628,Civil Lines,Green Bowl Salads,419,27
ORD-01596,2026-03-31,C0712,Sikandra,Kamla Nagar Chaat Corner,,43
ORD-01597,31/03/2026,C0768,Balkeshwar,Crust & Co Pizza,330.00,29 min
ORD-01598,2026-03-31,C0782,Shahganj,Green Bowl Salads,313.00,
ORD-01599,2026-03-31,C0808,DAYALBAGH,Green Bowl Salads,236,22
ORD-01600,2026-03-31,C0829,Sikandra,Taj Biryani Co,314,41
ORD-01601,2026-03-31,C0836,Balkeshwar,Agra Tandoor House,₹369,36
ORD-01602,31/03/2026,C0852,Tajganj,Southern Spice,351.00,35
ORD-01603,2026-03-31,C0861,dayalbagh ,Green Bowl Salads,₹266,30
ORD-01604,31/03/2026,C0929,Tajganj,Crust & Co Pizza,₹332,34
ORD-01605,2026-03-31,C1071,Dayalbagh,Southern Spice,₹174,33
ORD-01606,01/04/2026,C0032,Shahganj,Crust & Co Pizza,,63
ORD-01607,2026-04-01,C0062,Sikandra,Kamla Nagar Chaat Corner,143.00,50
ORD-01608,2026-04-01,C0069,Shahganj,Petha Point Cafe,₹187,60
ORD-01609,2026-04-01,C0131,Shahganj,Mama's Kitchen - Agra,227,47 min
ORD-01610,2026-04-01,C0188,Shahganj,Southern Spice,₹252,
ORD-01611,2026-04-01,C0231,Civil Lines,Southern Spice,311,38 min
ORD-01612,2026-04-01,C0236,Sikandra,Crust & Co Pizza,315,61 min
ORD-01613,01/04/2026,C0252,Shahganj,Green Bowl Salads,330,45
ORD-01614,2026-04-01,C0270,Sikandra,Petha Point Cafe,223,48
ORD-01615,2026-04-01,C0292,Shahganj,MAMAS KITCHEN,₹166,43
ORD-01616,01/04/2026,C0376,sikandra ,Taj Biryani Co,₹306,42
ORD-01617,2026-04-01,C0389,Shahganj,Agra Tandoor House,₹452,55
ORD-01618,2026-04-01,C0421,Sikandra,Green Bowl Salads,219.00,58
ORD-01619,01/04/2026,C0499,Balkeshwar,mamas kitchen ,₹329,28
ORD-01620,2026-04-01,C0506,Kamla Nagar,Taj Biryani Co,225.00,29 min
ORD-01621,01/04/2026,C0512,tajganj ,Kamla Nagar Chaat Corner,₹136,28
ORD-01622,2026-04-01,C0668,Sanjay Place,Kamla Nagar Chaat Corner,₹176,37 min
ORD-01623,2026-04-01,C0674,Kamla Nagar,mamas kitchen ,360.00,47
ORD-01624,2026-04-01,C0684,dayalbagh ,Petha Point Cafe,₹190,22 min
ORD-01625,01/04/2026,C0695,Sikandra,Green Bowl Salads,₹290,59 min
ORD-01626,01/04/2026,C0717,KAMLA NAGAR,Agra Tandoor House,197.00,28
ORD-01627,2026-04-01,C0791,Civil Lines,Agra Tandoor House,382,23 min
ORD-01628,Apr 01 2026,C0848,Shahganj,Agra Tandoor House,284.00,40 min
ORD-01629,2026-04-01,C0897,Sikandra,Agra Tandoor House,364.00,48
ORD-01630,2026-04-01,C0904,Balkeshwar,Crust & Co Pizza,₹481,39 min
ORD-01631,2026-04-01,C0979,Civil Lines,mamas kitchen ,399,39
ORD-01632,2026-04-01,C1000,Sanjay Place,Agra Tandoor House,377,26
ORD-01633,2026-04-01,C1066,TAJGANJ,Petha Point Cafe,204,37
ORD-01634,2026-04-02,C0001,Tajganj,MAMAS KITCHEN,₹398,32
ORD-01635,2026-04-02,C0049,Sikandra,Kamla Nagar Chaat Corner,₹159,50 min
ORD-01636,2026-04-02,C0072,Sikandra,Petha Point Cafe,₹250,48 min
ORD-01637,02/04/2026,C0182,Kamla Nagar,Crust & Co Pizza,₹328,25
ORD-01638,02/04/2026,C0228,Shahganj,Green Bowl Salads,437.00,52
ORD-01639,2026-04-02,C0234,Sikandra,Mama's Kitchen - Agra,₹347,56
ORD-01640,2026-04-02,C0289,Dayalbagh,Taj Biryani Co,298.00,29
ORD-01641,2026-04-02,C0300,Shahganj,Mama's Kitchen,₹210,60
ORD-01642,2026-04-02,C0357,Tajganj,Petha Point Cafe,190.00,30 min
ORD-01643,2026-04-02,C0371,Shahganj,Green Bowl Salads,,54
ORD-01644,2026-04-02,C0388,Kamla Nagar,Kamla Nagar Chaat Corner,₹172,24
ORD-01645,2026-04-02,C0457,Kamla Nagar,Mama's Kitchen,418,27
ORD-01646,02/04/2026,C0476,BALKESHWAR,Kamla Nagar Chaat Corner,83,32
ORD-01647,2026-04-02,C0549,Shahganj,Kamla Nagar Chaat Corner,₹173,47
ORD-01648,Apr 02 2026,C0568,SHAHGANJ,Kamla Nagar Chaat Corner,₹188,60
ORD-01649,2026-04-02,C0576,Shahganj,Taj Biryani Co,355.00,47
ORD-01650,02/04/2026,C0639,Dayalbagh,Crust & Co Pizza,406.00,24
ORD-01651,Apr 02 2026,C0666,Shahganj,Agra Tandoor House,258,50 min
ORD-01652,Apr 02 2026,C0676,Sikandra,Taj Biryani Co,,46 min
ORD-01653,Apr 02 2026,C0683,Shahganj,Mama's Kitchen,362.00,35
ORD-01654,2026-04-02,C0756,Sikandra,Agra Tandoor House,231,57
ORD-01655,2026-04-02,C0777,Shahganj,Agra Tandoor House,₹364,59 min
ORD-01656,2026-04-02,C0803,SHAHGANJ,Taj Biryani Co,₹358,46
ORD-01657,2026-04-02,C0949,Kamla Nagar,Agra Tandoor House,₹363,14
ORD-01658,02/04/2026,C0988,Tajganj,Agra Tandoor House,₹211,18
ORD-01659,2026-04-03,C0081,Kamla Nagar,Kamla Nagar Chaat Corner,149,31
ORD-01660,2026-04-03,C0092,tajganj ,Mama's Kitchen - Agra,288.00,41 min
ORD-01661,2026-04-03,C0103,shahganj ,Kamla Nagar Chaat Corner,₹167,52
,Apr 03 2026,C0152,TAJGANJ,Green Bowl Salads,387.00,41
ORD-01663,2026-04-03,C0176,Balkeshwar,Kamla Nagar Chaat Corner,₹164,25
ORD-01664,Apr 03 2026,C0201,Shahganj,Green Bowl Salads,243.00,57
ORD-01665,2026-04-03,C0303,Kamla Nagar,mamas kitchen ,335,38
ORD-01666,2026-04-03,C0337,Tajganj,Taj Biryani Co,279,26 min
ORD-01667,03/04/2026,C0347,Shahganj,MAMAS KITCHEN,443,50
ORD-01668,2026-04-03,C0359,Tajganj,Kamla Nagar Chaat Corner,150,41 min
ORD-01669,03/04/2026,C0381,Shahganj,Green Bowl Salads,259.00,65
ORD-01670,Apr 03 2026,C0433,Tajganj,MAMAS KITCHEN,295.00,30
ORD-01671,2026-04-03,C0439,Sikandra,Mama's Kitchen - Agra,₹448,61 min
,2026-04-03,C0448,Shahganj,Petha Point Cafe,111.00,51
ORD-01673,03/04/2026,C0516,SIKANDRA,Green Bowl Salads,424,44
ORD-01674,2026-04-03,C0565,Kamla Nagar,Taj Biryani Co,307.00,39 min
ORD-01675,03/04/2026,C0594,Tajganj,Green Bowl Salads,₹400,24
ORD-01676,2026-04-03,C0618,TAJGANJ,Southern Spice,332,22
ORD-02617,17/05/2026,C0231,Civil Lines,Petha Point Cafe,₹183,26
ORD-01677,2026-04-03,C0643,Sikandra,Mama's Kitchen,264,44
ORD-01678,2026-04-03,C0671,civil lines ,Southern Spice,132.00,36
ORD-01679,Apr 03 2026,C0691,Sikandra,Kamla Nagar Chaat Corner,100,52
ORD-01680,2026-04-03,C0850,Balkeshwar,Green Bowl Salads,233.00,24
ORD-01681,2026-04-03,C0934,Civil Lines,Crust & Co Pizza,,38
ORD-01682,03/04/2026,C0966,SANJAY PLACE,Mama's Kitchen - Agra,267,34 min
ORD-01683,2026-04-03,C1004,Balkeshwar,Green Bowl Salads,285,43
ORD-01684,03/04/2026,C1015,Shahganj,Crust & Co Pizza,325,41
ORD-01685,Apr 03 2026,C1025,Balkeshwar,Southern Spice,,27
ORD-01686,2026-04-03,C1057,Balkeshwar,Mama's Kitchen - Agra,447.00,30
ORD-01687,04/04/2026,C0009,Dayalbagh,Kamla Nagar Chaat Corner,154,35
ORD-01688,04/04/2026,C0024,Kamla Nagar,Agra Tandoor House,₹443,31 min
ORD-01689,2026-04-04,C0026,BALKESHWAR,Mama's Kitchen,365.00,34
ORD-01690,Apr 04 2026,C0088,Dayalbagh,Kamla Nagar Chaat Corner,138,22
ORD-01691,Apr 04 2026,C0098,Kamla Nagar,Mama's Kitchen - Agra,325,40
ORD-01692,2026-04-04,C0102,Shahganj,Southern Spice,218,52
ORD-01693,2026-04-04,C0180,Sikandra,MAMAS KITCHEN,121,48
ORD-01694,04/04/2026,C0200,dayalbagh ,Mama's Kitchen - Agra,₹428,31
ORD-01695,04/04/2026,C0361,Sikandra,Green Bowl Salads,₹320,60
ORD-01696,04/04/2026,C0369,Sanjay Place,Kamla Nagar Chaat Corner,₹178,26
ORD-01697,04/04/2026,C0483,Sikandra,Crust & Co Pizza,₹520,43
ORD-01698,04/04/2026,C0542,shahganj ,Taj Biryani Co,373,41
ORD-01699,04/04/2026,C0591,Shahganj,Crust & Co Pizza,379,61 min
ORD-01700,2026-04-04,C0689,Civil Lines,Taj Biryani Co,179,24
ORD-01701,2026-04-04,C0703,Shahganj,Crust & Co Pizza,₹411,58
ORD-01702,04/04/2026,C0740,Sanjay Place,Southern Spice,283,30
ORD-01703,Apr 04 2026,C0810,Shahganj,Agra Tandoor House,₹463,51
ORD-01704,04/04/2026,C0858,Tajganj,Kamla Nagar Chaat Corner,155,25
ORD-01705,04/04/2026,C0862,Sanjay Place,MAMAS KITCHEN,₹431,41
ORD-01706,2026-04-04,C0882,Sikandra,Mama's Kitchen,₹539,50
ORD-01707,04/04/2026,C0921,BALKESHWAR,MAMAS KITCHEN,261.00,30
ORD-01708,2026-04-04,C0983,Sikandra,Kamla Nagar Chaat Corner,197.00,46
ORD-01709,04/04/2026,C1006,Shahganj,Southern Spice,194,50
ORD-01710,Apr 04 2026,C1029,SHAHGANJ,Taj Biryani Co,137,66
ORD-01711,2026-04-05,C0220,Dayalbagh,Crust & Co Pizza,283,28
ORD-01712,2026-04-05,C0254,balkeshwar ,Agra Tandoor House,397,28
ORD-01713,2026-04-05,C0301,sikandra ,Petha Point Cafe,225.00,56 min
ORD-01714,2026-04-05,C0308,Tajganj,Southern Spice,262.00,31
ORD-01715,2026-04-05,C0312,Tajganj,Southern Spice,253.00,21
ORD-01716,05/04/2026,C0354,Balkeshwar,mamas kitchen ,299.00,31
ORD-01717,2026-04-05,C0364,Shahganj,Taj Biryani Co,257,46
ORD-01718,05/04/2026,C0375,SHAHGANJ,Kamla Nagar Chaat Corner,199.00,42
ORD-01719,Apr 05 2026,C0376,SIKANDRA,Crust & Co Pizza,377,48
ORD-01720,2026-04-05,C0503,Shahganj,Green Bowl Salads,371,55 min
ORD-01721,Apr 05 2026,C0611,Shahganj,Southern Spice,382,47
ORD-01722,2026-04-05,C0662,SIKANDRA,Crust & Co Pizza,₹484,63
ORD-01723,2026-04-05,C0743,sikandra ,Agra Tandoor House,376,53
ORD-01724,2026-04-05,C0745,Balkeshwar,Taj Biryani Co,₹325,25
ORD-01725,05/04/2026,C0747,SHAHGANJ,Crust & Co Pizza,187.00,58
ORD-01726,2026-04-05,C0773,Balkeshwar,Mama's Kitchen,₹270,40
ORD-01727,Apr 05 2026,C0793,Dayalbagh,Petha Point Cafe,₹173,
ORD-01728,2026-04-05,C0895,Sanjay Place,Agra Tandoor House,₹459,29
ORD-01729,2026-04-05,C0919,Balkeshwar,Taj Biryani Co,₹345,21
ORD-01730,05/04/2026,C0969,Civil Lines,Kamla Nagar Chaat Corner,₹133,33
ORD-01731,05/04/2026,C0979,Civil Lines,Petha Point Cafe,₹140,29 min
ORD-01732,2026-04-05,C1013,Dayalbagh,Mama's Kitchen - Agra,₹372,49
ORD-01733,05/04/2026,C1060,Dayalbagh,Mama's Kitchen,513,38 min
ORD-01734,2026-04-05,C1073,DAYALBAGH,Agra Tandoor House,₹304,
ORD-01735,2026-04-06,C0001,Tajganj,Petha Point Cafe,₹165,20
ORD-01736,06/04/2026,C0059,sikandra ,Mama's Kitchen,₹514,53 min
ORD-01737,2026-04-06,C0274,Civil Lines,Taj Biryani Co,₹219,21
ORD-01738,2026-04-06,C0277,Sikandra,Taj Biryani Co,276,40
ORD-01739,2026-04-06,C0287,Balkeshwar,MAMAS KITCHEN,₹289,32 min
ORD-01740,06/04/2026,C0299,Shahganj,Crust & Co Pizza,460,36
ORD-01741,2026-04-06,C0336,dayalbagh ,Mama's Kitchen,,23
ORD-01742,2026-04-06,C0344,SIKANDRA,Taj Biryani Co,₹182,45
ORD-02704,2026-05-20,C0744,TAJGANJ,Kamla Nagar Chaat Corner,176,33 min
ORD-01743,2026-04-06,C0423,Tajganj,Taj Biryani Co,₹391,24
ORD-01744,2026-04-06,C0444,Tajganj,mamas kitchen ,292.00,42
ORD-01745,2026-04-06,C0470,Sanjay Place,Petha Point Cafe,138.00,22
ORD-01746,2026-04-06,C0558,TAJGANJ,Crust & Co Pizza,,19
ORD-01747,Apr 06 2026,C0578,Kamla Nagar,Taj Biryani Co,426.00,29
ORD-01748,06/04/2026,C0600,sikandra ,Taj Biryani Co,₹430,49 min
ORD-01749,2026-04-06,C0684,Dayalbagh,Crust & Co Pizza,₹370,35
ORD-01750,Apr 06 2026,C0697,Kamla Nagar,Crust & Co Pizza,317,29 min
ORD-01751,2026-04-06,C0800,Sikandra,Crust & Co Pizza,₹433,46
ORD-01752,06/04/2026,C0893,Shahganj,Mama's Kitchen,307.00,45
ORD-01753,06/04/2026,C1038,Dayalbagh,Mama's Kitchen - Agra,351.00,31 min
ORD-01754,2026-04-06,C1058,Tajganj,Agra Tandoor House,₹289,43
ORD-01755,2026-04-06,C1086,sanjay place ,mamas kitchen ,₹232,40
ORD-01756,2026-04-06,C1088,Civil Lines,Petha Point Cafe,147,27
ORD-01757,Apr 07 2026,C0021,BALKESHWAR,Taj Biryani Co,393,40
ORD-01758,Apr 07 2026,C0093,Sanjay Place,mamas kitchen ,304,37
ORD-01759,2026-04-07,C0108,SANJAY PLACE,mamas kitchen ,372,28
ORD-01760,2026-04-07,C0125,Civil Lines,Agra Tandoor House,540,40
ORD-01761,Apr 07 2026,C0127,Civil Lines,Agra Tandoor House,379.00,24
ORD-01762,2026-04-07,C0228,Shahganj,MAMAS KITCHEN,₹139,47
ORD-01763,2026-04-07,C0248,Balkeshwar,Petha Point Cafe,189,19 min
ORD-01764,2026-04-07,C0295,Dayalbagh,Kamla Nagar Chaat Corner,149.00,34 min
ORD-01765,2026-04-07,C0448,Shahganj,Green Bowl Salads,₹162,55
ORD-01766,Apr 07 2026,C0455,BALKESHWAR,MAMAS KITCHEN,344,
ORD-01767,Apr 07 2026,C0471,Shahganj,Petha Point Cafe,255.00,50
ORD-01768,07/04/2026,C0488,DAYALBAGH,Green Bowl Salads,₹274,27
ORD-01769,2026-04-07,C0538,shahganj ,mamas kitchen ,₹431,48
ORD-01770,2026-04-07,C0551,Shahganj,Southern Spice,₹289,44
ORD-01771,2026-04-07,C0571,Kamla Nagar,Crust & Co Pizza,443.00,28
ORD-01772,07/04/2026,C0594,TAJGANJ,Agra Tandoor House,405,24
ORD-01773,2026-04-07,C0618,TAJGANJ,Agra Tandoor House,₹320,32
ORD-01774,07/04/2026,C0650,Kamla Nagar,Petha Point Cafe,191,28
ORD-01375,2026-03-22,C0570,Sikandra,Crust & Co Pizza,535,54
ORD-00099,2026-01-14,C0415,Sikandra,Mama's Kitchen - Agra,₹255,29
ORD-01775,07/04/2026,C0711,Sikandra,Petha Point Cafe,95.00,44
ORD-01776,Apr 07 2026,C0748,Kamla Nagar,Mama's Kitchen,312.00,42
ORD-01777,2026-04-07,C0771,Sanjay Place,Petha Point Cafe,118,32
ORD-01778,Apr 07 2026,C0834,Sikandra,Kamla Nagar Chaat Corner,132.00,44
ORD-01779,2026-04-07,C0837,Sanjay Place,Mama's Kitchen - Agra,211,30
ORD-01780,07/04/2026,C0863,DAYALBAGH,Kamla Nagar Chaat Corner,112,33
ORD-01781,2026-04-07,C0869,Shahganj,Petha Point Cafe,₹152,47
ORD-01782,07/04/2026,C0905,Dayalbagh,Petha Point Cafe,177,35
ORD-01783,07/04/2026,C0913,Kamla Nagar,Crust & Co Pizza,₹483,29
ORD-01784,07/04/2026,C1020,CIVIL LINES,Taj Biryani Co,₹451,28
ORD-01785,2026-04-07,C1081,Shahganj,Agra Tandoor House,417,66
ORD-01786,2026-04-07,C1087,Shahganj,Taj Biryani Co,₹241,52
ORD-01787,2026-04-08,C0084,Balkeshwar,MAMAS KITCHEN,₹447,24
ORD-01788,2026-04-08,C0117,Civil Lines,Crust & Co Pizza,389.00,35
ORD-01789,Apr 08 2026,C0167,Tajganj,Kamla Nagar Chaat Corner,162.00,35
ORD-01790,Apr 08 2026,C0219,Tajganj,Agra Tandoor House,596,26
ORD-01791,Apr 08 2026,C0247,Sanjay Place,Taj Biryani Co,₹317,28
ORD-01792,2026-04-08,C0280,Tajganj,Crust & Co Pizza,451,40
ORD-01793,2026-04-08,C0352,Sikandra,Taj Biryani Co,238.00,50 min
ORD-01794,08/04/2026,C0407,Dayalbagh,Kamla Nagar Chaat Corner,121,30
ORD-01795,Apr 08 2026,C0450,Sikandra,Taj Biryani Co,367,60
ORD-01796,08/04/2026,C0509,Sikandra,Green Bowl Salads,285.00,61
ORD-01797,2026-04-08,C0535,Shahganj,Taj Biryani Co,293.00,43
ORD-01798,2026-04-08,C0542,Shahganj,Green Bowl Salads,307.00,43 min
ORD-01799,08/04/2026,C0570,SIKANDRA,Petha Point Cafe,₹173,54 min
ORD-01800,2026-04-08,C0639,Dayalbagh,Agra Tandoor House,244,15
ORD-01801,2026-04-08,C0643,Sikandra,Petha Point Cafe,157,54
ORD-01802,2026-04-08,C0653,Dayalbagh,Mama's Kitchen - Agra,246.00,45 min
ORD-01803,2026-04-08,C0724,Tajganj,Mama's Kitchen,₹256,37
ORD-01804,Apr 08 2026,C0846,Balkeshwar,Mama's Kitchen - Agra,389,28
ORD-01805,2026-04-08,C0891,Sanjay Place,Crust & Co Pizza,362,38 min
ORD-01806,2026-04-08,C0901,Sanjay Place,Green Bowl Salads,₹450,21
ORD-01807,Apr 08 2026,C0909,Dayalbagh,Mama's Kitchen - Agra,₹316,33
ORD-01808,08/04/2026,C0968,KAMLA NAGAR,mamas kitchen ,331.00,31
ORD-01809,Apr 08 2026,C0986,civil lines ,Green Bowl Salads,178.00,31
ORD-01810,2026-04-08,C1021,DAYALBAGH,Mama's Kitchen,400,36 min
ORD-01811,Apr 08 2026,C1078,Sikandra,Agra Tandoor House,341.00,50
ORD-01812,2026-04-09,C0045,Shahganj,MAMAS KITCHEN,₹338,47
ORD-01813,09/04/2026,C0124,Civil Lines,Crust & Co Pizza,₹620,47
ORD-01814,2026-04-09,C0151,SHAHGANJ,Taj Biryani Co,391,56
ORD-01815,2026-04-09,C0153,Shahganj,Crust & Co Pizza,440,49
ORD-01816,Apr 09 2026,C0259,shahganj ,Green Bowl Salads,252.00,50
ORD-01817,2026-04-09,C0261,Dayalbagh,Agra Tandoor House,₹309,35
ORD-00817,2026-02-26,C0933,Shahganj,Agra Tandoor House,,39
ORD-01818,2026-04-09,C0269,sikandra ,Kamla Nagar Chaat Corner,185,56
ORD-01819,09/04/2026,C0304,Balkeshwar,Mama's Kitchen,308,24
ORD-01820,Apr 09 2026,C0327,SHAHGANJ,Taj Biryani Co,368,40 min
ORD-01821,2026-04-09,C0335,Sikandra,Agra Tandoor House,297.00,46
ORD-01822,09/04/2026,C0357,Tajganj,Agra Tandoor House,325,37
ORD-01823,2026-04-09,C0359,Tajganj,Southern Spice,₹289,34 min
ORD-01824,09/04/2026,C0499,Balkeshwar,Taj Biryani Co,313.00,16
ORD-01825,Apr 09 2026,C0501,Sanjay Place,Kamla Nagar Chaat Corner,₹176,30
ORD-01826,2026-04-09,C0514,Sikandra,Mama's Kitchen - Agra,366.00,65
ORD-01827,Apr 09 2026,C0522,DAYALBAGH,Taj Biryani Co,382.00,38
ORD-01828,09/04/2026,C0626,tajganj ,MAMAS KITCHEN,,37
ORD-01829,2026-04-09,C0718,sikandra ,Mama's Kitchen,₹343,61
ORD-01830,2026-04-09,C0721,sanjay place ,MAMAS KITCHEN,₹434,33
ORD-01831,2026-04-09,C0784,Dayalbagh,Green Bowl Salads,₹225,33
ORD-01832,09/04/2026,C0872,Balkeshwar,Green Bowl Salads,₹383,30 min
ORD-01833,2026-04-09,C0924,Sanjay Place,MAMAS KITCHEN,₹475,23
ORD-01834,09/04/2026,C0947,Tajganj,Taj Biryani Co,277,20
ORD-01835,Apr 10 2026,C0082,Shahganj,Southern Spice,321,53
ORD-01836,2026-04-10,C0135,Civil Lines,Petha Point Cafe,₹144,28
ORD-01837,2026-04-10,C0226,Sanjay Place,Taj Biryani Co,262,34
ORD-01838,Apr 10 2026,C0242,Sanjay Place,Petha Point Cafe,₹170,33
ORD-01839,10/04/2026,C0299,Shahganj,Crust & Co Pizza,₹470,49
ORD-01840,10/04/2026,C0378,Dayalbagh,Taj Biryani Co,397.00,27
ORD-01841,2026-04-10,C0400,Tajganj,Taj Biryani Co,245.00,35
ORD-01842,2026-04-10,C0583,Shahganj,Kamla Nagar Chaat Corner,219,57 min
ORD-01843,2026-04-10,C0652,Balkeshwar,Mama's Kitchen - Agra,305,31 min
ORD-01844,2026-04-10,C0712,SIKANDRA,Petha Point Cafe,281.00,51
ORD-01845,Apr 10 2026,C0736,Civil Lines,Kamla Nagar Chaat Corner,₹165,29
ORD-01846,2026-04-10,C0747,SHAHGANJ,Agra Tandoor House,₹534,62
ORD-01847,2026-04-10,C0820,Sikandra,Agra Tandoor House,₹322,47
ORD-01848,2026-04-11,C0098,Kamla Nagar,Petha Point Cafe,₹151,28
ORD-01849,2026-04-11,C0289,Dayalbagh,Crust & Co Pizza,569,27
ORD-01850,2026-04-11,C0338,Shahganj,Taj Biryani Co,272.00,67
ORD-01851,11/04/2026,C0344,Sikandra,MAMAS KITCHEN,₹312,45
ORD-02014,2026-04-17,C1004,Balkeshwar,Green Bowl Salads,₹230,29
ORD-01852,2026-04-11,C0354,Balkeshwar,MAMAS KITCHEN,₹260,13
ORD-01853,2026-04-11,C0424,TAJGANJ,Taj Biryani Co,296.00,31
ORD-01854,2026-04-11,C0565,KAMLA NAGAR,Green Bowl Salads,355,23
ORD-01855,11/04/2026,C0600,Sikandra,Agra Tandoor House,430.00,59
ORD-01856,2026-04-11,C0605,Civil Lines,Southern Spice,₹285,30
ORD-01857,2026-04-11,C0668,Sanjay Place,Mama's Kitchen - Agra,₹317,38
ORD-01858,11/04/2026,C0683,Shahganj,Agra Tandoor House,396.00,43 min
ORD-01859,2026-04-11,C0727,Dayalbagh,Kamla Nagar Chaat Corner,₹154,35 min
ORD-01860,11/04/2026,C0779,Sikandra,Taj Biryani Co,₹349,47
ORD-01861,2026-04-11,C0781,Civil Lines,Kamla Nagar Chaat Corner,₹195,27 min
ORD-01862,2026-04-11,C0838,Tajganj,Petha Point Cafe,152.00,36 min
ORD-01863,11/04/2026,C0870,Shahganj,Mama's Kitchen - Agra,295.00,52 min
ORD-01864,11/04/2026,C1009,Shahganj,Agra Tandoor House,338,39
ORD-01865,11/04/2026,C1049,Balkeshwar,Kamla Nagar Chaat Corner,153.00,34
ORD-01866,Apr 12 2026,C0058,Shahganj,Green Bowl Salads,313,45
ORD-01867,12/04/2026,C0068,Tajganj,Green Bowl Salads,₹364,36
ORD-01868,2026-04-12,C0106,Tajganj,Agra Tandoor House,423.00,31
ORD-01869,12/04/2026,C0116,SHAHGANJ,Southern Spice,₹153,47
ORD-01870,12/04/2026,C0205,Kamla Nagar,Crust & Co Pizza,₹462,48
ORD-01871,2026-04-12,C0215,Shahganj,Green Bowl Salads,368,50
ORD-01872,Apr 12 2026,C0232,Shahganj,Agra Tandoor House,426,51
ORD-01873,2026-04-12,C0234,Sikandra,Taj Biryani Co,340,44
ORD-01874,2026-04-12,C0255,Tajganj,Mama's Kitchen,₹354,36
ORD-01875,2026-04-12,C0266,Kamla Nagar,Mama's Kitchen - Agra,₹602,21
ORD-01876,12/04/2026,C0330,Dayalbagh,Mama's Kitchen,423.00,41
ORD-01877,2026-04-12,C0403,Balkeshwar,MAMAS KITCHEN,235.00,38 min
ORD-01878,Apr 12 2026,C0411,Dayalbagh,Agra Tandoor House,488.00,34 min
ORD-01879,12/04/2026,C0461,Sikandra,Agra Tandoor House,₹267,52 min
ORD-01880,2026-04-12,C0464,sanjay place ,Green Bowl Salads,₹231,37
ORD-01881,Apr 12 2026,C0467,Sanjay Place,Kamla Nagar Chaat Corner,₹165,31
ORD-01882,Apr 12 2026,C0516,Sikandra,Taj Biryani Co,294.00,55
ORD-01883,Apr 12 2026,C0594,Tajganj,Crust & Co Pizza,175.00,25
ORD-01884,12/04/2026,C0601,Civil Lines,Kamla Nagar Chaat Corner,145.00,22
ORD-01885,2026-04-12,C0720,Balkeshwar,MAMAS KITCHEN,₹409,41
ORD-01886,12/04/2026,C0737,Dayalbagh,mamas kitchen ,₹295,33
ORD-01887,2026-04-12,C0757,Sanjay Place,Kamla Nagar Chaat Corner,₹134,30 min
ORD-01888,2026-04-12,C0793,dayalbagh ,Kamla Nagar Chaat Corner,176.00,39
ORD-01889,2026-04-12,C0979,Civil Lines,Mama's Kitchen - Agra,₹332,33
ORD-01890,2026-04-12,C1001,Civil Lines,Southern Spice,326,36
ORD-01891,2026-04-12,C1011,Sanjay Place,Agra Tandoor House,318,32
ORD-01892,2026-04-12,C1078,Sikandra,Crust & Co Pizza,495.00,60
ORD-01893,2026-04-13,C0002,Civil Lines,Mama's Kitchen,217.00,20
ORD-01894,2026-04-13,C0102,Shahganj,Crust & Co Pizza,₹320,42
ORD-01895,2026-04-13,C0117,Civil Lines,Petha Point Cafe,₹184,35 min
ORD-01896,2026-04-13,C0174,Kamla Nagar,Southern Spice,320,29
ORD-01897,2026-04-13,C0377,Tajganj,Mama's Kitchen,303,29
ORD-01898,13/04/2026,C0396,Shahganj,Agra Tandoor House,440,60
ORD-01899,2026-04-13,C0456,Shahganj,Kamla Nagar Chaat Corner,175.00,51
ORD-01900,Apr 13 2026,C0457,Kamla Nagar,Taj Biryani Co,,30
ORD-01901,2026-04-13,C0476,Balkeshwar,Green Bowl Salads,300,22
ORD-01902,Apr 13 2026,C0534,SIKANDRA,Taj Biryani Co,₹231,44
ORD-01903,2026-04-13,C0535,Shahganj,Petha Point Cafe,₹203,50
ORD-01904,2026-04-13,C0616,Sanjay Place,Agra Tandoor House,457.00,34 min
ORD-01905,13/04/2026,C0635,Kamla Nagar,Southern Spice,246,34
ORD-01906,13/04/2026,C0775,Balkeshwar,Taj Biryani Co,₹327,47
ORD-01907,2026-04-13,C0808,Dayalbagh,Green Bowl Salads,₹310,39
ORD-01908,2026-04-13,C0853,Sikandra,Green Bowl Salads,442,61
ORD-01909,2026-04-13,C0943,Dayalbagh,Petha Point Cafe,121.00,44
ORD-01910,2026-04-13,C1028,KAMLA NAGAR,Kamla Nagar Chaat Corner,243,34
ORD-01911,2026-04-13,C1034,SHAHGANJ,Crust & Co Pizza,345,47
ORD-01912,Apr 14 2026,C0010,Balkeshwar,Green Bowl Salads,349,35
ORD-01913,14/04/2026,C0013,sikandra ,Agra Tandoor House,₹384,50
ORD-01914,2026-04-14,C0197,CIVIL LINES,Taj Biryani Co,237,34 min
ORD-01915,2026-04-14,C0209,SANJAY PLACE,Crust & Co Pizza,520.00,35 min
ORD-01916,2026-04-14,C0257,Kamla Nagar,Southern Spice,294,33
ORD-01917,Apr 14 2026,C0292,Shahganj,Agra Tandoor House,493,43
ORD-01918,2026-04-14,C0312,Tajganj,Agra Tandoor House,328,23
ORD-01919,2026-04-14,C0322,Sanjay Place,Southern Spice,282.00,19
ORD-01920,2026-04-14,C0323,balkeshwar ,Mama's Kitchen - Agra,335.00,27
ORD-01921,2026-04-14,C0337,Tajganj,Southern Spice,₹201,30
ORD-01922,2026-04-14,C0357,Tajganj,Mama's Kitchen - Agra,372.00,17
ORD-01923,Apr 14 2026,C0359,Tajganj,Taj Biryani Co,387,24
ORD-01924,2026-04-14,C0366,balkeshwar ,Mama's Kitchen,₹311,26
ORD-01925,2026-04-14,C0371,Shahganj,Taj Biryani Co,317.00,60
ORD-01926,14/04/2026,C0501,Sanjay Place,Taj Biryani Co,₹277,26 min
ORD-01927,Apr 14 2026,C0511,Balkeshwar,Kamla Nagar Chaat Corner,157.00,35
ORD-01928,2026-04-14,C0563,Sikandra,Kamla Nagar Chaat Corner,119.00,55
ORD-01929,2026-04-14,C0632,Tajganj,Taj Biryani Co,₹305,29
ORD-01930,14/04/2026,C0640,Sikandra,Crust & Co Pizza,511,51 min
ORD-01931,Apr 14 2026,C0650,Kamla Nagar,Petha Point Cafe,₹191,35
ORD-01932,Apr 14 2026,C0714,SHAHGANJ,Kamla Nagar Chaat Corner,₹145,55
ORD-01933,2026-04-14,C0715,Sikandra,Taj Biryani Co,335,52
ORD-01934,14/04/2026,C0721,Sanjay Place,Southern Spice,₹304,42
ORD-01935,Apr 14 2026,C0792,shahganj ,Southern Spice,229,54
ORD-01936,14/04/2026,C0826,SIKANDRA,Crust & Co Pizza,₹647,55
ORD-01937,14/04/2026,C0828,Sikandra,Petha Point Cafe,₹174,60 min
ORD-01938,14/04/2026,C0831,Sikandra,Petha Point Cafe,₹178,40
ORD-01939,14/04/2026,C0848,Shahganj,Crust & Co Pizza,₹416,54
ORD-01940,2026-04-14,C0850,Balkeshwar,Taj Biryani Co,₹222,39
ORD-01941,2026-04-14,C0875,Sikandra,Agra Tandoor House,519,54
ORD-01942,14/04/2026,C0894,Kamla Nagar,Green Bowl Salads,309,42
ORD-01943,2026-04-14,C0931,Dayalbagh,Petha Point Cafe,188.00,32
ORD-01944,14/04/2026,C0969,Civil Lines,mamas kitchen ,282,39
ORD-01945,2026-04-14,C0994,Sikandra,Kamla Nagar Chaat Corner,92,53
ORD-01946,14/04/2026,C1073,Dayalbagh,Petha Point Cafe,128,41
ORD-01947,2026-04-14,C1095,Sanjay Place,MAMAS KITCHEN,392.00,26
ORD-01948,2026-04-15,C0095,Sanjay Place,Crust & Co Pizza,409,39 min
ORD-01949,2026-04-15,C0129,Sikandra,Kamla Nagar Chaat Corner,170,56
ORD-01950,15/04/2026,C0212,Dayalbagh,Taj Biryani Co,₹239,27
ORD-01951,2026-04-15,C0220,Dayalbagh,Agra Tandoor House,420,41
ORD-01952,2026-04-15,C0235,Tajganj,Petha Point Cafe,210.00,40
ORD-01953,2026-04-15,C0300,Shahganj,Green Bowl Salads,₹252,42
ORD-01954,2026-04-15,C0306,Sikandra,Crust & Co Pizza,₹319,37
ORD-01955,Apr 15 2026,C0343,Sanjay Place,Taj Biryani Co,349.00,26
ORD-01956,15/04/2026,C0409,Sikandra,MAMAS KITCHEN,314,59
ORD-01957,2026-04-15,C0581,CIVIL LINES,Petha Point Cafe,₹207,26
ORD-01958,2026-04-15,C0784,Dayalbagh,Agra Tandoor House,₹521,28
ORD-01959,15/04/2026,C0846,Balkeshwar,Petha Point Cafe,128.00,37
ORD-01960,Apr 15 2026,C0865,Civil Lines,Southern Spice,₹286,34
ORD-01961,Apr 15 2026,C0880,Sikandra,Mama's Kitchen,₹340,33
ORD-01962,2026-04-15,C0891,Sanjay Place,mamas kitchen ,403,41 min
ORD-01963,Apr 15 2026,C0920,Shahganj,Taj Biryani Co,321.00,59 min
ORD-01964,2026-04-15,C1063,KAMLA NAGAR,mamas kitchen ,426.00,27
ORD-01965,2026-04-15,C1098,BALKESHWAR,Crust & Co Pizza,₹438,29
ORD-01966,2026-04-16,C0016,Sikandra,Crust & Co Pizza,545.00,41
ORD-01967,2026-04-16,C0058,Shahganj,Agra Tandoor House,421.00,56
ORD-01968,2026-04-16,C0176,Balkeshwar,Mama's Kitchen - Agra,₹536,26
ORD-01969,16/04/2026,C0179,Dayalbagh,Southern Spice,₹276,34
ORD-01970,2026-04-16,C0263,Tajganj,Taj Biryani Co,₹374,44
ORD-01971,16/04/2026,C0277,sikandra ,Taj Biryani Co,289.00,47
ORD-01972,2026-04-16,C0285,CIVIL LINES,Green Bowl Salads,250,42
ORD-01973,2026-04-16,C0313,Sikandra,Crust & Co Pizza,₹428,59
ORD-01974,Apr 16 2026,C0424,Tajganj,Agra Tandoor House,273,35
ORD-01975,2026-04-16,C0469,Shahganj,Crust & Co Pizza,608.00,45
ORD-01976,2026-04-16,C0548,Tajganj,mamas kitchen ,454,36
ORD-01977,16/04/2026,C0663,TAJGANJ,Agra Tandoor House,341.00,40 min
ORD-01978,16/04/2026,C0697,Kamla Nagar,Mama's Kitchen - Agra,447.00,26
ORD-01979,2026-04-16,C0702,Dayalbagh,MAMAS KITCHEN,250.00,36
ORD-01980,16/04/2026,C0711,Sikandra,Taj Biryani Co,354,44
ORD-01981,2026-04-16,C0723,Dayalbagh,Mama's Kitchen - Agra,₹180,36
ORD-01982,16/04/2026,C0789,Dayalbagh,Taj Biryani Co,314,24
ORD-01983,16/04/2026,C0917,Tajganj,Mama's Kitchen,₹315,41
ORD-01984,2026-04-16,C0974,balkeshwar ,Petha Point Cafe,99.00,25
ORD-01985,2026-04-17,C0003,Sikandra,Taj Biryani Co,₹373,75
ORD-01986,17/04/2026,C0061,Kamla Nagar,Kamla Nagar Chaat Corner,176,23
ORD-01987,Apr 17 2026,C0088,DAYALBAGH,Southern Spice,₹224,15
ORD-01988,2026-04-17,C0100,Shahganj,Southern Spice,325.00,65
ORD-01989,17/04/2026,C0226,Sanjay Place,Petha Point Cafe,140.00,23
ORD-01990,2026-04-17,C0254,Balkeshwar,Taj Biryani Co,₹262,27
ORD-01991,2026-04-17,C0266,KAMLA NAGAR,Agra Tandoor House,₹423,38
ORD-01992,17/04/2026,C0269,Sikandra,Mama's Kitchen,₹383,54
ORD-01993,2026-04-17,C0274,Civil Lines,Petha Point Cafe,₹197,43 min
ORD-01994,Apr 17 2026,C0276,Kamla Nagar,Taj Biryani Co,428,21
ORD-01995,Apr 17 2026,C0288,balkeshwar ,Crust & Co Pizza,353.00,35
ORD-01996,Apr 17 2026,C0303,Kamla Nagar,Crust & Co Pizza,505.00,26 min
ORD-01997,2026-04-17,C0332,Tajganj,Green Bowl Salads,₹369,33 min
ORD-01998,Apr 17 2026,C0342,Sikandra,Crust & Co Pizza,374,63
ORD-01999,Apr 17 2026,C0346,SIKANDRA,Taj Biryani Co,451,57
ORD-02000,2026-04-17,C0378,Dayalbagh,Mama's Kitchen,486.00,27
ORD-02001,17/04/2026,C0385,Shahganj,Green Bowl Salads,₹292,59 min
ORD-02002,17/04/2026,C0455,BALKESHWAR,Taj Biryani Co,₹428,34 min
ORD-02003,17/04/2026,C0508,Civil Lines,Agra Tandoor House,₹485,30
ORD-02004,Apr 17 2026,C0619,SANJAY PLACE,Crust & Co Pizza,589,27
ORD-02005,17/04/2026,C0628,CIVIL LINES,Petha Point Cafe,₹100,32
ORD-02006,Apr 17 2026,C0635,kamla nagar ,MAMAS KITCHEN,₹244,44
ORD-02007,2026-04-17,C0751,Dayalbagh,Agra Tandoor House,₹413,42
ORD-02008,2026-04-17,C0768,Balkeshwar,MAMAS KITCHEN,₹263,32
ORD-02009,2026-04-17,C0775,Balkeshwar,MAMAS KITCHEN,₹292,24
ORD-02010,2026-04-17,C0823,Shahganj,Agra Tandoor House,354,52
ORD-02011,2026-04-17,C0849,Balkeshwar,Taj Biryani Co,426.00,33 min
ORD-02012,2026-04-17,C0855,Civil Lines,Mama's Kitchen,181,22
ORD-02013,17/04/2026,C0913,Kamla Nagar,MAMAS KITCHEN,269,34
ORD-02014,2026-04-17,C1004,Balkeshwar,Green Bowl Salads,₹230,29
ORD-02015,2026-04-17,C1009,Shahganj,Taj Biryani Co,₹354,49
ORD-02016,Apr 17 2026,C1025,Balkeshwar,mamas kitchen ,₹472,36
ORD-02017,17/04/2026,C1088,Civil Lines,Petha Point Cafe,160,38 min
ORD-02018,2026-04-18,C0011,Sikandra,Mama's Kitchen,₹234,45 min
ORD-02019,2026-04-18,C0092,Tajganj,Green Bowl Salads,337,36
ORD-02020,2026-04-18,C0152,tajganj ,Petha Point Cafe,203,38 min
ORD-02021,18/04/2026,C0155,shahganj ,mamas kitchen ,366,51
ORD-02022,18/04/2026,C0245,Sikandra,Crust & Co Pizza,₹465,50
ORD-02023,Apr 18 2026,C0321,Sikandra,Kamla Nagar Chaat Corner,₹200,47
ORD-02024,2026-04-18,C0322,Sanjay Place,Agra Tandoor House,301,20 min
ORD-02025,2026-04-18,C0388,Kamla Nagar,Taj Biryani Co,242,28
ORD-02026,2026-04-18,C0492,Dayalbagh,Kamla Nagar Chaat Corner,194.00,
ORD-02027,18/04/2026,C0519,Sanjay Place,Petha Point Cafe,129,29
ORD-02028,2026-04-18,C0555,Shahganj,MAMAS KITCHEN,₹248,45
ORD-02029,2026-04-18,C0683,Shahganj,Kamla Nagar Chaat Corner,₹125,58
ORD-02030,2026-04-18,C0717,Kamla Nagar,Crust & Co Pizza,₹354,30
ORD-02031,18/04/2026,C0740,Sanjay Place,Southern Spice,₹271,30
ORD-02032,Apr 18 2026,C0908,Balkeshwar,Taj Biryani Co,₹227,30
ORD-02033,2026-04-18,C0986,Civil Lines,Kamla Nagar Chaat Corner,121,29
ORD-02034,Apr 18 2026,C0997,Sikandra,Green Bowl Salads,₹381,49
ORD-02035,2026-04-18,C1001,Civil Lines,Kamla Nagar Chaat Corner,₹83,14
ORD-00098,Jan 14 2026,C0401,CIVIL LINES,Mama's Kitchen,390.00,31
ORD-02036,2026-04-18,C1032,Sikandra,Crust & Co Pizza,346.00,55
ORD-02037,2026-04-18,C1043,TAJGANJ,Agra Tandoor House,₹347,27
ORD-02038,Apr 19 2026,C0022,sikandra ,Mama's Kitchen - Agra,308,44
ORD-02039,2026-04-19,C0103,Shahganj,Kamla Nagar Chaat Corner,219,44
ORD-02040,19/04/2026,C0125,Civil Lines,Mama's Kitchen,241,35
ORD-02041,2026-04-19,C0182,Kamla Nagar,MAMAS KITCHEN,149.00,22
ORD-02042,Apr 19 2026,C0218,Shahganj,Crust & Co Pizza,396.00,51
ORD-02043,2026-04-19,C0309,Kamla Nagar,Green Bowl Salads,232,26
ORD-02044,19/04/2026,C0312,Tajganj,Agra Tandoor House,₹403,33 min
ORD-02045,19/04/2026,C0327,Shahganj,Mama's Kitchen,280,53
ORD-02046,2026-04-19,C0389,Shahganj,Mama's Kitchen,312.00,53
ORD-02047,19/04/2026,C0499,Balkeshwar,Green Bowl Salads,490.00,26 min
ORD-02048,19/04/2026,C0506,Kamla Nagar,Crust & Co Pizza,₹283,39
ORD-02049,19/04/2026,C0595,Sikandra,Petha Point Cafe,₹130,47
ORD-02050,19/04/2026,C0629,Civil Lines,MAMAS KITCHEN,541.00,31
ORD-02051,Apr 19 2026,C0695,Sikandra,Kamla Nagar Chaat Corner,107.00,42
ORD-02052,19/04/2026,C0949,kamla nagar ,Agra Tandoor House,₹317,26
ORD-02053,2026-04-19,C0988,Tajganj,Taj Biryani Co,322,35
ORD-01042,2026-03-08,C0294,Sikandra,Petha Point Cafe,222,45
ORD-01901,2026-04-13,C0476,Balkeshwar,Green Bowl Salads,300,22
ORD-02054,Apr 19 2026,C1046,Sikandra,Taj Biryani Co,₹375,62
ORD-02055,20/04/2026,C0093,Sanjay Place,Petha Point Cafe,126,31
ORD-02056,20/04/2026,C0146,Tajganj,Mama's Kitchen - Agra,423,38
ORD-02057,2026-04-20,C0167,Tajganj,Taj Biryani Co,385.00,39
ORD-02058,Apr 20 2026,C0209,Sanjay Place,Southern Spice,₹229,32
ORD-02059,Apr 20 2026,C0261,DAYALBAGH,Taj Biryani Co,354.00,22
ORD-02060,2026-04-20,C0308,Tajganj,Mama's Kitchen,₹428,32
ORD-02061,2026-04-20,C0320,Shahganj,Kamla Nagar Chaat Corner,118,41
ORD-02062,2026-04-20,C0354,Balkeshwar,mamas kitchen ,₹279,39
ORD-02063,20/04/2026,C0427,Balkeshwar,Southern Spice,₹216,27
ORD-02064,Apr 20 2026,C0457,Kamla Nagar,Agra Tandoor House,348.00,19
ORD-02065,20/04/2026,C0468,Kamla Nagar,Agra Tandoor House,284,48
ORD-02066,2026-04-20,C0472,Civil Lines,Agra Tandoor House,325.00,25 min
ORD-02067,Apr 20 2026,C0493,Shahganj,Petha Point Cafe,159.00,35
ORD-02068,20/04/2026,C0542,Shahganj,Agra Tandoor House,521.00,42
ORD-02069,2026-04-20,C0599,Sikandra,Southern Spice,295,56
ORD-02070,Apr 20 2026,C0654,Balkeshwar,Crust & Co Pizza,₹581,39
ORD-02071,2026-04-20,C0691,Sikandra,Kamla Nagar Chaat Corner,₹201,58
ORD-02072,Apr 20 2026,C0829,Sikandra,MAMAS KITCHEN,₹267,38
ORD-02073,Apr 20 2026,C0850,Balkeshwar,Taj Biryani Co,₹325,41
ORD-02074,20/04/2026,C0858,tajganj ,Taj Biryani Co,449,29
ORD-02075,Apr 20 2026,C0893,Shahganj,Crust & Co Pizza,479.00,49
ORD-02076,20/04/2026,C0930,Dayalbagh,Taj Biryani Co,₹313,33
ORD-02077,2026-04-20,C0954,Shahganj,MAMAS KITCHEN,413.00,38
ORD-02078,2026-04-20,C1086,Sanjay Place,Southern Spice,206.00,26 min
ORD-02079,2026-04-21,C0010,Balkeshwar,Agra Tandoor House,₹396,38 min
ORD-02080,21/04/2026,C0019,Civil Lines,Mama's Kitchen - Agra,304.00,36 min
ORD-02081,2026-04-21,C0024,Kamla Nagar,Petha Point Cafe,₹172,19
ORD-02082,21/04/2026,C0050,sikandra ,MAMAS KITCHEN,₹201,46
ORD-02083,2026-04-21,C0066,dayalbagh ,Taj Biryani Co,329.00,37
ORD-02084,2026-04-21,C0132,Civil Lines,Mama's Kitchen,364,42
ORD-02085,21/04/2026,C0206,SIKANDRA,Kamla Nagar Chaat Corner,,57
ORD-02086,2026-04-21,C0242,Sanjay Place,Green Bowl Salads,166.00,32
ORD-02087,21/04/2026,C0247,Sanjay Place,Crust & Co Pizza,290,28
ORD-02088,21/04/2026,C0316,Sikandra,Petha Point Cafe,159,46
ORD-02089,2026-04-21,C0444,tajganj ,Agra Tandoor House,240.00,36
ORD-02090,2026-04-21,C0470,Sanjay Place,Mama's Kitchen,239,32
ORD-02091,2026-04-21,C0571,Kamla Nagar,Taj Biryani Co,290.00,25
ORD-02092,2026-04-21,C0600,Sikandra,Crust & Co Pizza,237.00,50
ORD-02093,Apr 21 2026,C0671,Civil Lines,MAMAS KITCHEN,411.00,49
ORD-02094,2026-04-21,C0694,sikandra ,Kamla Nagar Chaat Corner,197.00,52
ORD-02095,21/04/2026,C0744,Tajganj,Mama's Kitchen - Agra,337.00,30
ORD-02096,2026-04-21,C0757,Sanjay Place,mamas kitchen ,,36
ORD-02097,2026-04-21,C0777,Shahganj,Taj Biryani Co,331,55 min
ORD-02098,2026-04-21,C0840,Sikandra,Petha Point Cafe,127,42 min
ORD-02099,21/04/2026,C0885,Dayalbagh,Kamla Nagar Chaat Corner,86,28
ORD-02100,2026-04-21,C0895,Sanjay Place,Green Bowl Salads,₹277,31
ORD-02101,2026-04-21,C0920,Shahganj,Green Bowl Salads,313,46
ORD-02102,2026-04-21,C0921,Balkeshwar,Petha Point Cafe,₹149,31
ORD-02103,21/04/2026,C0929,Tajganj,Kamla Nagar Chaat Corner,₹163,36
ORD-02104,2026-04-21,C0941,Sanjay Place,Taj Biryani Co,454.00,35
ORD-02105,2026-04-21,C1083,Shahganj,Taj Biryani Co,₹448,55
ORD-02106,22/04/2026,C0018,Shahganj,mamas kitchen ,208.00,48
ORD-02107,2026-04-22,C0025,shahganj ,Taj Biryani Co,₹228,58 min
ORD-02108,22/04/2026,C0228,shahganj ,mamas kitchen ,368,48
ORD-02109,Apr 22 2026,C0332,Tajganj,Taj Biryani Co,205,39
ORD-02110,2026-04-22,C0554,Sanjay Place,Agra Tandoor House,₹334,35
ORD-02111,2026-04-22,C0555,Shahganj,Agra Tandoor House,250.00,40
,22/04/2026,C0633,Sikandra,Green Bowl Salads,369.00,42
ORD-02113,2026-04-22,C0791,Civil Lines,Crust & Co Pizza,₹409,27 min
ORD-02114,2026-04-22,C0804,shahganj ,Mama's Kitchen,318.00,51
ORD-02115,2026-04-22,C0808,Dayalbagh,Taj Biryani Co,305.00,33
ORD-02116,22/04/2026,C0830,Shahganj,Southern Spice,308.00,
ORD-02117,2026-04-22,C0838,Tajganj,Agra Tandoor House,412,26
ORD-02118,Apr 22 2026,C0861,Dayalbagh,Mama's Kitchen,603.00,30
ORD-02119,2026-04-22,C0934,Civil Lines,Southern Spice,281.00,30
ORD-02120,22/04/2026,C1025,Balkeshwar,Taj Biryani Co,301,38
ORD-02121,2026-04-23,C0002,Civil Lines,Kamla Nagar Chaat Corner,175,32
ORD-02122,2026-04-23,C0016,SIKANDRA,Agra Tandoor House,₹458,53 min
ORD-02123,2026-04-23,C0129,Sikandra,Kamla Nagar Chaat Corner,153,48
ORD-02124,23/04/2026,C0237,Shahganj,Mama's Kitchen,303,47
ORD-02125,23/04/2026,C0252,Shahganj,Southern Spice,₹80,52
ORD-02126,2026-04-23,C0279,Kamla Nagar,Mama's Kitchen - Agra,365.00,37
ORD-02127,2026-04-23,C0287,Balkeshwar,Crust & Co Pizza,₹502,32 min
ORD-02128,23/04/2026,C0372,Sikandra,Mama's Kitchen - Agra,₹348,49
ORD-02129,2026-04-23,C0397,Tajganj,Crust & Co Pizza,₹591,28
ORD-02130,2026-04-23,C0597,Tajganj,Mama's Kitchen,263.00,39
ORD-02131,2026-04-23,C0689,Civil Lines,Crust & Co Pizza,₹427,34
ORD-02132,2026-04-23,C0717,Kamla Nagar,Southern Spice,389.00,41
ORD-02133,2026-04-23,C0722,Sikandra,Crust & Co Pizza,252,55 min
ORD-02134,2026-04-23,C0846,Balkeshwar,Mama's Kitchen,₹448,22
ORD-02135,2026-04-23,C0975,Civil Lines,Agra Tandoor House,374.00,18
ORD-02136,2026-04-23,C0982,shahganj ,Kamla Nagar Chaat Corner,142.00,50
ORD-02137,2026-04-23,C1015,Shahganj,Crust & Co Pizza,407.00,
ORD-02138,2026-04-24,C0001,Tajganj,Petha Point Cafe,₹181,30
ORD-02139,24/04/2026,C0072,sikandra ,Kamla Nagar Chaat Corner,131.00,58
ORD-02140,2026-04-24,C0086,Civil Lines,Agra Tandoor House,₹273,37
ORD-02141,Apr 24 2026,C0200,Dayalbagh,Agra Tandoor House,₹321,29
ORD-02142,Apr 24 2026,C0201,Shahganj,Taj Biryani Co,₹368,67
ORD-02143,24/04/2026,C0218,shahganj ,Mama's Kitchen - Agra,377,56
ORD-02144,2026-04-24,C0220,Dayalbagh,Crust & Co Pizza,442.00,32 min
ORD-02145,2026-04-24,C0327,SHAHGANJ,Petha Point Cafe,₹167,42
ORD-02146,2026-04-24,C0374,Dayalbagh,Agra Tandoor House,435,27 min
ORD-02147,Apr 24 2026,C0399,Sikandra,Crust & Co Pizza,₹207,51
ORD-02148,24/04/2026,C0411,Dayalbagh,Kamla Nagar Chaat Corner,189.00,23
ORD-02149,2026-04-24,C0455,Balkeshwar,Taj Biryani Co,310.00,33
ORD-02150,2026-04-24,C0523,CIVIL LINES,Crust & Co Pizza,390,26
ORD-02151,2026-04-24,C0533,Shahganj,Kamla Nagar Chaat Corner,₹162,54
ORD-02152,24/04/2026,C0538,Shahganj,Agra Tandoor House,313.00,
ORD-02153,2026-04-24,C0542,Shahganj,Southern Spice,₹250,52
ORD-02154,2026-04-24,C0558,Tajganj,Kamla Nagar Chaat Corner,122,30
ORD-02155,2026-04-24,C0852,Tajganj,mamas kitchen ,353,47
ORD-02156,Apr 24 2026,C0974,Balkeshwar,Petha Point Cafe,170.00,39
ORD-02157,2026-04-24,C0989,Sikandra,Mama's Kitchen,402,48
ORD-02158,24/04/2026,C1001,Civil Lines,Taj Biryani Co,₹241,38 min
ORD-02159,24/04/2026,C1004,Balkeshwar,Kamla Nagar Chaat Corner,181,23
ORD-02160,2026-04-24,C1095,Sanjay Place,Agra Tandoor House,₹431,25
ORD-02161,2026-04-25,C0011,sikandra ,Green Bowl Salads,₹203,47 min
ORD-02162,Apr 25 2026,C0081,Kamla Nagar,Taj Biryani Co,302,28
ORD-02163,25/04/2026,C0231,Civil Lines,Mama's Kitchen,₹440,32
ORD-02164,2026-04-25,C0275,Sikandra,Green Bowl Salads,₹309,51
ORD-02165,2026-04-25,C0406,SHAHGANJ,Agra Tandoor House,₹351,43 min
ORD-02166,2026-04-25,C0456,SHAHGANJ,Kamla Nagar Chaat Corner,140.00,53
ORD-02167,2026-04-25,C0457,Kamla Nagar,MAMAS KITCHEN,₹364,37
ORD-02168,2026-04-25,C0496,Tajganj,Green Bowl Salads,₹221,18
ORD-02169,Apr 25 2026,C0530,civil lines ,Crust & Co Pizza,367,37 min
ORD-02170,2026-04-25,C0626,Tajganj,Agra Tandoor House,₹376,22
ORD-02171,25/04/2026,C0713,Sanjay Place,Green Bowl Salads,₹276,29
ORD-02172,25/04/2026,C0740,Sanjay Place,Agra Tandoor House,374,33
ORD-02173,2026-04-25,C0753,Kamla Nagar,Kamla Nagar Chaat Corner,₹102,28
ORD-02174,2026-04-25,C0941,Sanjay Place,Crust & Co Pizza,502,28
ORD-02175,2026-04-25,C0976,SANJAY PLACE,MAMAS KITCHEN,₹624,29
ORD-02176,25/04/2026,C0978,SHAHGANJ,Crust & Co Pizza,567.00,46
ORD-02177,25/04/2026,C1088,CIVIL LINES,Agra Tandoor House,351,26
ORD-02178,Apr 26 2026,C0022,Sikandra,Taj Biryani Co,357,41 min
ORD-02179,Apr 26 2026,C0026,Balkeshwar,Green Bowl Salads,₹235,32
ORD-02180,2026-04-26,C0037,Sikandra,Southern Spice,234,60 min
ORD-02181,26/04/2026,C0045,Shahganj,Agra Tandoor House,₹376,46
ORD-02182,2026-04-26,C0079,Shahganj,Southern Spice,320,48
ORD-02183,2026-04-26,C0103,Shahganj,Kamla Nagar Chaat Corner,183.00,49
ORD-02184,2026-04-26,C0125,Civil Lines,MAMAS KITCHEN,435.00,36
ORD-02185,Apr 26 2026,C0153,Shahganj,Mama's Kitchen - Agra,458,55
ORD-02186,Apr 26 2026,C0164,Sikandra,Petha Point Cafe,160,50
ORD-02187,Apr 26 2026,C0179,Dayalbagh,Taj Biryani Co,148.00,26 min
ORD-02188,2026-04-26,C0182,Kamla Nagar,Petha Point Cafe,₹209,34 min
ORD-02189,2026-04-26,C0320,shahganj ,Agra Tandoor House,442.00,54
ORD-02190,2026-04-26,C0344,Sikandra,Taj Biryani Co,383,48
ORD-02191,26/04/2026,C0390,Sikandra,Kamla Nagar Chaat Corner,140.00,69
ORD-02192,2026-04-26,C0424,Tajganj,Agra Tandoor House,₹479,
ORD-02193,2026-04-26,C0501,Sanjay Place,Green Bowl Salads,276,26 min
ORD-02194,Apr 26 2026,C0563,sikandra ,Taj Biryani Co,₹345,55
ORD-02195,2026-04-26,C0578,Kamla Nagar,Crust & Co Pizza,₹365,30 min
ORD-02196,26/04/2026,C0653,dayalbagh ,Crust & Co Pizza,₹577,36
ORD-02197,2026-04-26,C0707,DAYALBAGH,Agra Tandoor House,₹335,25
ORD-02198,26/04/2026,C0759,Shahganj,Mama's Kitchen - Agra,280,44
ORD-02199,2026-04-26,C0771,SANJAY PLACE,Green Bowl Salads,₹222,31
ORD-02200,26/04/2026,C0807,Balkeshwar,Agra Tandoor House,285,31 min
ORD-02201,2026-04-26,C0845,Civil Lines,mamas kitchen ,232,29
ORD-02202,26/04/2026,C0857,Shahganj,Agra Tandoor House,341.00,53
ORD-02203,2026-04-26,C0913,Kamla Nagar,Taj Biryani Co,₹424,22 min
ORD-02204,Apr 26 2026,C0924,SANJAY PLACE,Mama's Kitchen,₹329,30 min
ORD-02205,2026-04-26,C0969,Civil Lines,Crust & Co Pizza,263,43
ORD-00999,06/03/2026,C0457,Kamla Nagar,Green Bowl Salads,₹124,19
,2026-04-27,C0042,Tajganj,Mama's Kitchen,449,39
ORD-02207,27/04/2026,C0050,Sikandra,Petha Point Cafe,129,58
ORD-02208,Apr 27 2026,C0053,Shahganj,Southern Spice,280.00,58
ORD-02209,2026-04-27,C0102,Shahganj,Crust & Co Pizza,259,46
ORD-02557,May 14 2026,C0209,SANJAY PLACE,MAMAS KITCHEN,444.00,33
ORD-02210,2026-04-27,C0211,Dayalbagh,Agra Tandoor House,₹373,22
ORD-02211,27/04/2026,C0254,Balkeshwar,Taj Biryani Co,₹321,24
ORD-02212,2026-04-27,C0423,tajganj ,Mama's Kitchen - Agra,285,23
ORD-02213,2026-04-27,C0433,Tajganj,Petha Point Cafe,181.00,29
ORD-02214,2026-04-27,C0545,SHAHGANJ,Kamla Nagar Chaat Corner,₹154,47
ORD-02215,2026-04-27,C0560,Shahganj,Kamla Nagar Chaat Corner,160.00,48
ORD-02216,Apr 27 2026,C0606,Civil Lines,Agra Tandoor House,₹260,34
ORD-02217,2026-04-27,C0608,Kamla Nagar,Agra Tandoor House,468.00,38
ORD-02218,27/04/2026,C0652,Balkeshwar,Green Bowl Salads,265,36 min
ORD-02219,Apr 27 2026,C0668,Sanjay Place,Agra Tandoor House,304.00,29
ORD-02220,2026-04-27,C0723,Dayalbagh,Petha Point Cafe,173.00,35
ORD-01888,2026-04-12,C0793,dayalbagh ,Kamla Nagar Chaat Corner,176.00,39
ORD-02221,2026-04-27,C0726,KAMLA NAGAR,Petha Point Cafe,163,34
ORD-02222,27/04/2026,C0744,Tajganj,Agra Tandoor House,₹386,16 min
ORD-02223,2026-04-27,C0812,Shahganj,Green Bowl Salads,₹239,
ORD-02224,2026-04-27,C0837,sanjay place ,Crust & Co Pizza,419,30
ORD-02225,Apr 27 2026,C0858,Tajganj,Mama's Kitchen,343.00,30
ORD-02226,2026-04-27,C0884,Sikandra,Crust & Co Pizza,548,49
ORD-02227,2026-04-27,C0919,balkeshwar ,Kamla Nagar Chaat Corner,186,31
ORD-02228,2026-04-27,C0949,KAMLA NAGAR,Southern Spice,274,29
ORD-02229,Apr 27 2026,C1052,Sikandra,Kamla Nagar Chaat Corner,₹203,48
ORD-02230,2026-04-28,C0126,Dayalbagh,Mama's Kitchen,412,29
ORD-02231,2026-04-28,C0144,SIKANDRA,Kamla Nagar Chaat Corner,₹126,38
ORD-02232,2026-04-28,C0257,kamla nagar ,Kamla Nagar Chaat Corner,137.00,22
ORD-02233,2026-04-28,C0289,Dayalbagh,Agra Tandoor House,₹457,32 min
ORD-02234,Apr 28 2026,C0295,DAYALBAGH,Agra Tandoor House,496.00,31
ORD-02235,28/04/2026,C0316,Sikandra,Agra Tandoor House,₹273,47
ORD-02236,28/04/2026,C0366,Balkeshwar,Southern Spice,338,26
ORD-02237,Apr 28 2026,C0409,Sikandra,Green Bowl Salads,₹262,59
ORD-02238,28/04/2026,C0483,SIKANDRA,Taj Biryani Co,359,51
ORD-02239,28/04/2026,C0629,Civil Lines,Green Bowl Salads,₹337,31
ORD-02240,28/04/2026,C0793,Dayalbagh,Mama's Kitchen,242,30
ORD-02241,2026-04-28,C0820,Sikandra,MAMAS KITCHEN,₹464,52 min
ORD-00728,23/02/2026,C0293,Dayalbagh,Petha Point Cafe,₹236,38
ORD-02242,2026-04-28,C0846,Balkeshwar,Taj Biryani Co,₹189,22
ORD-02243,2026-04-28,C0862,Sanjay Place,Green Bowl Salads,290,37 min
ORD-02244,2026-04-28,C0987,SHAHGANJ,Petha Point Cafe,186.00,53
ORD-02245,2026-04-28,C0992,Kamla Nagar,Agra Tandoor House,324,31
ORD-02246,28/04/2026,C1038,Dayalbagh,Taj Biryani Co,258.00,46
ORD-02247,Apr 28 2026,C1051,Sikandra,mamas kitchen ,218,45
ORD-02248,29/04/2026,C0002,Civil Lines,Southern Spice,302.00,26
ORD-02249,29/04/2026,C0051,Dayalbagh,Kamla Nagar Chaat Corner,96.00,34
ORD-02250,2026-04-29,C0072,Sikandra,Taj Biryani Co,₹376,39 min
ORD-02251,Apr 29 2026,C0077,Sikandra,Crust & Co Pizza,441,43
ORD-02252,Apr 29 2026,C0106,Tajganj,Agra Tandoor House,₹625,40
ORD-02253,2026-04-29,C0194,Shahganj,Southern Spice,,54
ORD-02254,2026-04-29,C0215,Shahganj,Petha Point Cafe,220,46
ORD-02255,Apr 29 2026,C0218,Shahganj,Kamla Nagar Chaat Corner,132,62
ORD-02256,29/04/2026,C0219,tajganj ,Mama's Kitchen - Agra,389.00,45
ORD-02257,29/04/2026,C0275,sikandra ,Taj Biryani Co,387,51
ORD-02258,2026-04-29,C0279,Kamla Nagar,Mama's Kitchen,524,26
ORD-02259,29/04/2026,C0280,Tajganj,Taj Biryani Co,₹314,27
ORD-02260,29/04/2026,C0332,Tajganj,Taj Biryani Co,,40
ORD-02261,2026-04-29,C0476,Balkeshwar,Southern Spice,₹255,20 min
ORD-02262,2026-04-29,C0519,Sanjay Place,Agra Tandoor House,₹277,27
ORD-02263,2026-04-29,C0561,KAMLA NAGAR,Southern Spice,258,26
ORD-02264,2026-04-29,C0849,Balkeshwar,Southern Spice,₹193,38
ORD-02265,29/04/2026,C0905,Dayalbagh,Green Bowl Salads,₹244,40
ORD-02266,2026-04-29,C1021,DAYALBAGH,mamas kitchen ,₹287,22
ORD-02267,2026-04-30,C0068,Tajganj,Agra Tandoor House,261.00,39
ORD-02268,30/04/2026,C0335,Sikandra,Kamla Nagar Chaat Corner,90,47
ORD-02269,2026-04-30,C0407,DAYALBAGH,Mama's Kitchen - Agra,294,32
ORD-02270,30/04/2026,C0526,Sikandra,Taj Biryani Co,273,45 min
ORD-02271,2026-04-30,C0548,Tajganj,Kamla Nagar Chaat Corner,₹128,32
ORD-02272,2026-04-30,C0565,Kamla Nagar,MAMAS KITCHEN,₹309,24
ORD-02273,2026-04-30,C0650,KAMLA NAGAR,Petha Point Cafe,₹161,35
ORD-02274,2026-04-30,C0730,SIKANDRA,Agra Tandoor House,348,
ORD-02275,30/04/2026,C0829,Sikandra,Taj Biryani Co,326,58
ORD-02276,2026-04-30,C0869,Shahganj,Mama's Kitchen - Agra,421.00,53
ORD-02277,Apr 30 2026,C0943,Dayalbagh,Mama's Kitchen,372.00,36
ORD-02278,Apr 30 2026,C0974,Balkeshwar,Green Bowl Salads,₹313,
ORD-02279,2026-04-30,C1007,Civil Lines,Crust & Co Pizza,₹295,38
ORD-02280,2026-04-30,C1009,Shahganj,Agra Tandoor House,₹168,48
ORD-02281,2026-04-30,C1034,Shahganj,Agra Tandoor House,₹508,49
ORD-02282,Apr 30 2026,C1058,tajganj ,Agra Tandoor House,550.00,27
ORD-02283,2026-05-01,C0011,Sikandra,Taj Biryani Co,₹235,53
ORD-02284,May 01 2026,C0040,Kamla Nagar,Taj Biryani Co,₹259,33
ORD-01431,2026-03-24,C0697,Kamla Nagar,Mama's Kitchen,302,39 min
ORD-02285,2026-05-01,C0098,Kamla Nagar,Mama's Kitchen,₹401,35
ORD-02286,2026-05-01,C0195,Sikandra,Southern Spice,129.00,57
ORD-02287,2026-05-01,C0357,Tajganj,Mama's Kitchen - Agra,₹299,31
ORD-02288,01/05/2026,C0385,Shahganj,Mama's Kitchen - Agra,304,51 min
ORD-02289,01/05/2026,C0436,Shahganj,Crust & Co Pizza,372,54
ORD-02290,2026-05-01,C0441,TAJGANJ,Kamla Nagar Chaat Corner,242,30
ORD-02291,01/05/2026,C0472,Civil Lines,Green Bowl Salads,254,25
ORD-02292,May 01 2026,C0488,Dayalbagh,Crust & Co Pizza,₹333,27
ORD-02293,01/05/2026,C0506,Kamla Nagar,Mama's Kitchen,237.00,27
ORD-02294,01/05/2026,C0639,Dayalbagh,Mama's Kitchen,274,37
ORD-02295,2026-05-01,C0790,Sanjay Place,Green Bowl Salads,253.00,23 min
ORD-02296,01/05/2026,C0834,Sikandra,MAMAS KITCHEN,387,67
ORD-02297,2026-05-01,C0857,Shahganj,Kamla Nagar Chaat Corner,₹169,52
ORD-02298,2026-05-01,C0861,Dayalbagh,Taj Biryani Co,234.00,26 min
ORD-02299,2026-05-01,C0965,Shahganj,Mama's Kitchen - Agra,266,64 min
ORD-02300,01/05/2026,C0975,Civil Lines,Taj Biryani Co,₹467,36
ORD-02301,2026-05-01,C1089,Sikandra,Mama's Kitchen - Agra,479.00,72 min
ORD-02302,02/05/2026,C0088,Dayalbagh,Taj Biryani Co,358.00,34
ORD-02303,2026-05-02,C0092,TAJGANJ,Agra Tandoor House,₹430,36
ORD-02304,2026-05-02,C0146,TAJGANJ,MAMAS KITCHEN,₹449,36
ORD-02305,2026-05-02,C0181,Dayalbagh,Agra Tandoor House,220,39
ORD-02306,2026-05-02,C0187,TAJGANJ,Southern Spice,207,23
ORD-02307,May 02 2026,C0227,Tajganj,Mama's Kitchen,336,19
ORD-02308,02/05/2026,C0251,Shahganj,Agra Tandoor House,383.00,66
ORD-02309,May 02 2026,C0261,Dayalbagh,Agra Tandoor House,352,18
ORD-02310,2026-05-02,C0315,Sikandra,Agra Tandoor House,265,56
ORD-02311,2026-05-02,C0321,sikandra ,Southern Spice,₹190,53
ORD-02312,02/05/2026,C0442,Shahganj,MAMAS KITCHEN,249.00,54
ORD-02313,2026-05-02,C0508,Civil Lines,mamas kitchen ,440,48
ORD-02314,2026-05-02,C0511,Balkeshwar,Southern Spice,₹289,30
ORD-02315,02/05/2026,C0562,Shahganj,Kamla Nagar Chaat Corner,₹121,59
ORD-02316,2026-05-02,C0601,Civil Lines,Crust & Co Pizza,299.00,25 min
ORD-02317,2026-05-02,C0635,Kamla Nagar,Agra Tandoor House,303,32
ORD-02318,02/05/2026,C0642,civil lines ,Kamla Nagar Chaat Corner,205,15
ORD-02319,2026-05-02,C0732,Balkeshwar,Agra Tandoor House,₹394,36
ORD-02320,02/05/2026,C0751,Dayalbagh,Southern Spice,305,33 min
ORD-02321,2026-05-02,C0753,Kamla Nagar,Green Bowl Salads,₹243,32
ORD-02322,May 02 2026,C0763,Shahganj,Mama's Kitchen,325,49
ORD-02323,2026-05-02,C0789,Dayalbagh,Mama's Kitchen - Agra,₹375,41
ORD-02324,May 02 2026,C0862,SANJAY PLACE,Crust & Co Pizza,₹523,25 min
ORD-02325,2026-05-02,C1052,Sikandra,Southern Spice,371,62
ORD-02326,02/05/2026,C1073,Dayalbagh,Mama's Kitchen - Agra,190,23
ORD-02327,2026-05-03,C0010,Balkeshwar,Taj Biryani Co,342,29
ORD-02328,03/05/2026,C0168,Civil Lines,Petha Point Cafe,81,32
ORD-02329,May 03 2026,C0247,Sanjay Place,mamas kitchen ,257,33
ORD-02330,2026-05-03,C0280,TAJGANJ,Agra Tandoor House,₹451,26
ORD-02331,03/05/2026,C0287,Balkeshwar,Crust & Co Pizza,₹639,37
ORD-02332,2026-05-03,C0300,Shahganj,Southern Spice,348.00,64
ORD-02333,2026-05-03,C0388,Kamla Nagar,Petha Point Cafe,₹136,34
ORD-02334,03/05/2026,C0466,Dayalbagh,Mama's Kitchen - Agra,,23
ORD-02335,03/05/2026,C0491,Sanjay Place,Petha Point Cafe,₹176,42 min
ORD-02336,2026-05-03,C0534,Sikandra,Southern Spice,₹320,55
ORD-02337,03/05/2026,C0657,Sanjay Place,Petha Point Cafe,199,37
ORD-02338,2026-05-03,C0683,Shahganj,Taj Biryani Co,₹418,58
ORD-02236,28/04/2026,C0366,Balkeshwar,Southern Spice,338,26
ORD-02339,2026-05-03,C0713,sanjay place ,Mama's Kitchen - Agra,372,38
ORD-02340,2026-05-03,C0776,Shahganj,Mama's Kitchen - Agra,374,64
ORD-02341,May 03 2026,C0781,Civil Lines,Mama's Kitchen,256.00,13
ORD-02342,May 03 2026,C0797,Tajganj,Mama's Kitchen,302.00,39
ORD-02343,03/05/2026,C0840,Sikandra,Petha Point Cafe,141,48
ORD-02344,May 03 2026,C0855,Civil Lines,Agra Tandoor House,291,25 min
ORD-02345,03/05/2026,C0899,Shahganj,MAMAS KITCHEN,₹349,65 min
ORD-02150,2026-04-24,C0523,CIVIL LINES,Crust & Co Pizza,390,26
ORD-02346,May 03 2026,C0912,Shahganj,Agra Tandoor House,432,51 min
ORD-02347,2026-05-03,C0913,Kamla Nagar,Mama's Kitchen - Agra,₹356,34
ORD-02348,03/05/2026,C0944,Sanjay Place,Kamla Nagar Chaat Corner,₹112,32
ORD-02349,2026-05-03,C0986,Civil Lines,Southern Spice,324.00,32
ORD-02350,May 03 2026,C1028,Kamla Nagar,Petha Point Cafe,₹124,32 min
ORD-02351,May 03 2026,C1030,Shahganj,Mama's Kitchen,481.00,71
ORD-02352,2026-05-03,C1098,balkeshwar ,Crust & Co Pizza,₹292,33
ORD-02353,04/05/2026,C0103,Shahganj,Taj Biryani Co,89.00,63
ORD-02354,2026-05-04,C0164,Sikandra,Mama's Kitchen,351,52
ORD-02355,2026-05-04,C0238,Shahganj,Kamla Nagar Chaat Corner,100.00,58
ORD-02356,May 04 2026,C0343,Sanjay Place,Petha Point Cafe,169.00,31
ORD-02357,May 04 2026,C0393,Dayalbagh,Kamla Nagar Chaat Corner,126.00,25 min
ORD-02358,2026-05-04,C0462,Kamla Nagar,MAMAS KITCHEN,427.00,22
ORD-02359,2026-05-04,C0464,Sanjay Place,mamas kitchen ,₹383,31
ORD-02360,May 04 2026,C0606,Civil Lines,MAMAS KITCHEN,₹437,34
ORD-02361,2026-05-04,C0632,Tajganj,Mama's Kitchen,351,33
ORD-02362,04/05/2026,C0663,Tajganj,Mama's Kitchen - Agra,344,32
ORD-02363,2026-05-04,C0837,Sanjay Place,Agra Tandoor House,326.00,43
ORD-02364,2026-05-04,C0934,Civil Lines,Petha Point Cafe,₹129,27
ORD-03097,Jun 12 2026,C0351,Dayalbagh,Agra Tandoor House,₹278,27
ORD-02365,2026-05-04,C1058,Tajganj,Kamla Nagar Chaat Corner,160,27
ORD-02366,May 04 2026,C1063,Kamla Nagar,Agra Tandoor House,328.00,
ORD-02367,2026-05-04,C1086,sanjay place ,Green Bowl Salads,₹295,27 min
ORD-02368,2026-05-05,C0117,Civil Lines,Petha Point Cafe,157,33
ORD-02369,05/05/2026,C0197,Civil Lines,MAMAS KITCHEN,₹414,32
ORD-02370,2026-05-05,C0292,Shahganj,MAMAS KITCHEN,461,67
ORD-02371,2026-05-05,C0454,Sikandra,Taj Biryani Co,₹421,62
ORD-02372,2026-05-05,C0526,Sikandra,Crust & Co Pizza,₹378,53 min
ORD-02373,05/05/2026,C0535,Shahganj,Mama's Kitchen - Agra,194,68
ORD-02374,05/05/2026,C0595,sikandra ,Taj Biryani Co,378.00,57
ORD-02375,2026-05-05,C0614,shahganj ,Taj Biryani Co,246,50 min
ORD-02376,May 05 2026,C0619,Sanjay Place,mamas kitchen ,₹290,34 min
ORD-02377,05/05/2026,C0633,Sikandra,Mama's Kitchen - Agra,360,60
ORD-02378,2026-05-05,C0669,Sanjay Place,Agra Tandoor House,479,30 min
ORD-02379,2026-05-05,C0694,Sikandra,mamas kitchen ,₹384,46
ORD-02380,2026-05-05,C0715,Sikandra,Taj Biryani Co,248,62 min
ORD-02381,May 05 2026,C0727,Dayalbagh,Taj Biryani Co,₹484,21
ORD-02382,2026-05-05,C0759,Shahganj,MAMAS KITCHEN,₹494,67
ORD-02383,05/05/2026,C0772,Shahganj,Crust & Co Pizza,488.00,60
ORD-02384,05/05/2026,C0795,CIVIL LINES,Mama's Kitchen,228.00,35 min
ORD-02385,2026-05-05,C0921,Balkeshwar,Mama's Kitchen - Agra,₹379,28
ORD-02386,2026-05-05,C0994,Sikandra,Taj Biryani Co,285,46
ORD-02387,2026-05-05,C1021,Dayalbagh,Green Bowl Salads,₹161,32
ORD-02388,2026-05-05,C1050,Shahganj,Mama's Kitchen,₹315,73
ORD-02389,06/05/2026,C0007,Civil Lines,mamas kitchen ,₹456,22 min
ORD-02390,06/05/2026,C0034,Balkeshwar,Taj Biryani Co,386,32
ORD-02391,2026-05-06,C0036,Kamla Nagar,Mama's Kitchen,319,39
ORD-02392,2026-05-06,C0118,Sikandra,Taj Biryani Co,311.00,51
ORD-02393,06/05/2026,C0160,SANJAY PLACE,Green Bowl Salads,329,30
ORD-02394,May 06 2026,C0183,sikandra ,Southern Spice,₹190,40
ORD-02395,2026-05-06,C0208,Sikandra,Agra Tandoor House,324,62
ORD-02396,06/05/2026,C0220,DAYALBAGH,MAMAS KITCHEN,337,37
ORD-02397,2026-05-06,C0266,KAMLA NAGAR,mamas kitchen ,374,20
ORD-02398,2026-05-06,C0303,Kamla Nagar,MAMAS KITCHEN,₹379,26
ORD-02399,May 06 2026,C0323,BALKESHWAR,MAMAS KITCHEN,372,21
ORD-02400,2026-05-06,C0378,Dayalbagh,Agra Tandoor House,304.00,33
ORD-02401,May 06 2026,C0457,Kamla Nagar,Green Bowl Salads,₹147,21 min
ORD-02402,2026-05-06,C0496,tajganj ,MAMAS KITCHEN,₹393,36
ORD-02403,06/05/2026,C0511,Balkeshwar,Petha Point Cafe,173,32
ORD-02404,2026-05-06,C0515,Sikandra,Mama's Kitchen,510,67 min
ORD-02405,2026-05-06,C0565,Kamla Nagar,mamas kitchen ,198.00,17
ORD-02406,2026-05-06,C0612,SHAHGANJ,Petha Point Cafe,187.00,61
ORD-02407,May 06 2026,C0726,Kamla Nagar,Green Bowl Salads,₹247,34
ORD-02408,06/05/2026,C0740,Sanjay Place,Crust & Co Pizza,₹429,30
ORD-02409,2026-05-06,C0761,kamla nagar ,Taj Biryani Co,203.00,24
ORD-02410,06/05/2026,C0768,BALKESHWAR,Kamla Nagar Chaat Corner,₹80,41
ORD-02411,2026-05-06,C0850,balkeshwar ,Petha Point Cafe,172.00,35
ORD-02412,06/05/2026,C0879,Civil Lines,Crust & Co Pizza,₹376,24 min
ORD-02413,2026-05-06,C0919,balkeshwar ,Green Bowl Salads,288.00,44
ORD-02414,May 06 2026,C0950,Kamla Nagar,Mama's Kitchen,392,23
ORD-02415,2026-05-07,C0092,Tajganj,Agra Tandoor House,267.00,37 min
ORD-02416,May 07 2026,C0146,Tajganj,Taj Biryani Co,₹277,41
ORD-02417,May 07 2026,C0309,Kamla Nagar,Agra Tandoor House,₹374,38
ORD-02418,2026-05-07,C0327,Shahganj,Agra Tandoor House,425,57
ORD-02419,07/05/2026,C0377,Tajganj,Crust & Co Pizza,511.00,22
ORD-02420,2026-05-07,C0411,DAYALBAGH,Petha Point Cafe,221,37
ORD-02421,2026-05-07,C0433,Tajganj,Agra Tandoor House,373.00,36 min
ORD-02422,07/05/2026,C0593,Sikandra,MAMAS KITCHEN,₹283,59 min
ORD-02423,07/05/2026,C0609,Sanjay Place,Agra Tandoor House,547,14 min
ORD-02424,2026-05-07,C0616,Sanjay Place,Crust & Co Pizza,₹381,38
ORD-02425,May 07 2026,C0621,Sikandra,Mama's Kitchen - Agra,₹199,58 min
ORD-02426,2026-05-07,C0644,Shahganj,Taj Biryani Co,286,75
ORD-02427,2026-05-07,C0711,Sikandra,Southern Spice,268,54 min
ORD-02428,07/05/2026,C0790,sanjay place ,Taj Biryani Co,₹344,24 min
ORD-02429,2026-05-07,C0804,shahganj ,Kamla Nagar Chaat Corner,₹200,52 min
ORD-02430,07/05/2026,C0858,Tajganj,Southern Spice,387,36
ORD-02431,2026-05-07,C0880,SIKANDRA,Petha Point Cafe,150,52
ORD-02432,2026-05-07,C0888,Sikandra,Petha Point Cafe,123.00,57
ORD-02433,2026-05-07,C0894,Kamla Nagar,Crust & Co Pizza,₹368,35
ORD-02434,2026-05-07,C0908,BALKESHWAR,Kamla Nagar Chaat Corner,158,28
ORD-02435,2026-05-07,C0930,Dayalbagh,Kamla Nagar Chaat Corner,139,40
ORD-02436,2026-05-07,C0949,Kamla Nagar,Mama's Kitchen - Agra,202.00,35 min
ORD-02437,07/05/2026,C1014,Shahganj,Green Bowl Salads,361.00,43 min
ORD-02438,2026-05-08,C0066,Dayalbagh,Crust & Co Pizza,₹385,37
ORD-03069,10/06/2026,C0181,Dayalbagh,Crust & Co Pizza,₹497,36
ORD-02439,08/05/2026,C0077,sikandra ,Crust & Co Pizza,438.00,53
ORD-02440,2026-05-08,C0085,Kamla Nagar,Kamla Nagar Chaat Corner,₹104,40 min
ORD-02441,2026-05-08,C0087,Shahganj,Taj Biryani Co,₹354,55
ORD-02442,2026-05-08,C0176,Balkeshwar,Mama's Kitchen - Agra,₹535,22
ORD-02443,08/05/2026,C0237,shahganj ,Petha Point Cafe,207,48
ORD-02444,2026-05-08,C0261,Dayalbagh,Mama's Kitchen,263,24
ORD-02445,2026-05-08,C0280,Tajganj,Agra Tandoor House,390,22
ORD-02446,2026-05-08,C0337,TAJGANJ,Kamla Nagar Chaat Corner,126.00,39
ORD-02447,08/05/2026,C0355,Sikandra,Agra Tandoor House,₹332,48
ORD-02448,2026-05-08,C0437,Civil Lines,Taj Biryani Co,374.00,41
ORD-02449,2026-05-08,C0456,Shahganj,Crust & Co Pizza,₹99,57
ORD-02450,May 08 2026,C0469,shahganj ,Crust & Co Pizza,₹387,60
ORD-02451,2026-05-08,C0499,Balkeshwar,Petha Point Cafe,₹201,20
ORD-02452,2026-05-08,C0532,Sikandra,Mama's Kitchen,386,55
ORD-02453,May 08 2026,C0540,Sikandra,Kamla Nagar Chaat Corner,112,59
ORD-02454,2026-05-08,C0628,Civil Lines,Southern Spice,236,27
ORD-02455,08/05/2026,C0629,Civil Lines,Mama's Kitchen,407.00,35
ORD-02456,08/05/2026,C0696,Kamla Nagar,Southern Spice,214,39
ORD-02457,2026-05-08,C0755,Shahganj,Mama's Kitchen,₹399,64
ORD-02458,08/05/2026,C0831,Sikandra,Petha Point Cafe,213.00,56
ORD-02459,08/05/2026,C0865,Civil Lines,Taj Biryani Co,₹462,33
ORD-02460,2026-05-08,C1031,SIKANDRA,Taj Biryani Co,₹223,53
ORD-02461,2026-05-08,C1075,Shahganj,Agra Tandoor House,₹285,65 min
ORD-02462,2026-05-09,C0045,Shahganj,Southern Spice,₹176,52
ORD-02463,May 09 2026,C0098,kamla nagar ,MAMAS KITCHEN,₹418,28 min
ORD-02464,2026-05-09,C0157,Sikandra,Kamla Nagar Chaat Corner,175.00,59
ORD-02465,2026-05-09,C0179,Dayalbagh,Agra Tandoor House,₹434,35
ORD-02466,2026-05-09,C0226,Sanjay Place,mamas kitchen ,277.00,37
ORD-02467,09/05/2026,C0235,Tajganj,Southern Spice,303.00,34
ORD-02468,2026-05-09,C0288,Balkeshwar,Petha Point Cafe,₹89,29
ORD-02469,09/05/2026,C0322,Sanjay Place,Green Bowl Salads,₹220,39
ORD-02470,2026-05-09,C0399,Sikandra,Agra Tandoor House,473,67
ORD-02471,09/05/2026,C0542,Shahganj,Southern Spice,₹153,56 min
ORD-02472,2026-05-09,C0548,Tajganj,Kamla Nagar Chaat Corner,99,21
ORD-02473,2026-05-09,C0571,Kamla Nagar,Taj Biryani Co,₹303,32
ORD-02474,09/05/2026,C0581,Civil Lines,Petha Point Cafe,191,35
ORD-02475,2026-05-09,C0852,TAJGANJ,MAMAS KITCHEN,₹189,23
ORD-02476,09/05/2026,C0954,SHAHGANJ,Petha Point Cafe,194,
ORD-02477,10/05/2026,C0020,Shahganj,Agra Tandoor House,₹283,61
ORD-02478,2026-05-10,C0023,Balkeshwar,Taj Biryani Co,392,27
ORD-02479,2026-05-10,C0275,Sikandra,Mama's Kitchen,₹367,40
ORD-02480,2026-05-10,C0351,Dayalbagh,Petha Point Cafe,₹228,36
ORD-02481,2026-05-10,C0405,Sikandra,Mama's Kitchen,₹256,64
ORD-02482,2026-05-10,C0430,Shahganj,Crust & Co Pizza,₹387,56 min
ORD-02483,2026-05-10,C0452,Shahganj,Crust & Co Pizza,367,64
ORD-02484,10/05/2026,C0455,Balkeshwar,Crust & Co Pizza,₹511,28
ORD-02485,May 10 2026,C0486,Shahganj,Agra Tandoor House,413.00,56
ORD-02486,10/05/2026,C0519,sanjay place ,Kamla Nagar Chaat Corner,150,32 min
,May 10 2026,C0597,Tajganj,mamas kitchen ,320,40
ORD-02488,2026-05-10,C0669,SANJAY PLACE,Kamla Nagar Chaat Corner,144.00,38
ORD-02489,10/05/2026,C0695,Sikandra,Crust & Co Pizza,₹331,55
ORD-02490,2026-05-10,C0726,Kamla Nagar,Taj Biryani Co,₹312,33 min
ORD-02491,10/05/2026,C0797,tajganj ,Mama's Kitchen - Agra,337,33
ORD-02492,2026-05-10,C0889,Sanjay Place,Taj Biryani Co,₹406,20
ORD-02493,2026-05-10,C0895,SANJAY PLACE,Crust & Co Pizza,401,36
ORD-02494,May 10 2026,C1069,Sikandra,Agra Tandoor House,₹455,63
ORD-02495,2026-05-11,C0007,civil lines ,Agra Tandoor House,₹326,30
ORD-02496,2026-05-11,C0016,Sikandra,Agra Tandoor House,438,44
ORD-02497,2026-05-11,C0036,Kamla Nagar,Agra Tandoor House,₹388,28
ORD-02498,2026-05-11,C0160,Sanjay Place,Green Bowl Salads,360.00,26 min
ORD-02499,2026-05-11,C0182,Kamla Nagar,Southern Spice,₹251,41
ORD-02500,2026-05-11,C0210,Shahganj,Petha Point Cafe,151,
ORD-02501,11/05/2026,C0269,Sikandra,Southern Spice,₹216,50
ORD-02502,2026-05-11,C0276,Kamla Nagar,Southern Spice,₹343,27
ORD-02503,2026-05-11,C0491,Sanjay Place,MAMAS KITCHEN,₹319,47
ORD-02504,2026-05-11,C0494,Sanjay Place,Green Bowl Salads,345,37
ORD-02505,2026-05-11,C0500,Shahganj,Mama's Kitchen,389,61 min
ORD-02506,11/05/2026,C0526,Sikandra,Agra Tandoor House,₹374,51
ORD-02507,11/05/2026,C0575,KAMLA NAGAR,Crust & Co Pizza,305.00,29
ORD-02508,2026-05-11,C0642,Civil Lines,Green Bowl Salads,220.00,30
ORD-02509,2026-05-11,C0723,Dayalbagh,Mama's Kitchen - Agra,₹251,36
ORD-02510,2026-05-11,C0866,Shahganj,Agra Tandoor House,502,49
ORD-02511,May 11 2026,C1010,Shahganj,MAMAS KITCHEN,347,48
ORD-02512,2026-05-11,C1025,Balkeshwar,Kamla Nagar Chaat Corner,125.00,35
ORD-02513,2026-05-11,C1076,Sikandra,Mama's Kitchen - Agra,267.00,57
ORD-02514,2026-05-12,C0086,Civil Lines,Green Bowl Salads,204,40
ORD-02515,May 12 2026,C0093,Sanjay Place,Agra Tandoor House,₹394,25
ORD-02516,May 12 2026,C0125,Civil Lines,MAMAS KITCHEN,₹364,20
ORD-02517,2026-05-12,C0126,Dayalbagh,Taj Biryani Co,184.00,37
ORD-02518,2026-05-12,C0211,Dayalbagh,Kamla Nagar Chaat Corner,₹197,39 min
ORD-02519,2026-05-12,C0233,KAMLA NAGAR,Mama's Kitchen,239.00,27 min
ORD-02520,2026-05-12,C0247,Sanjay Place,Taj Biryani Co,344.00,33
ORD-02521,May 12 2026,C0251,shahganj ,Taj Biryani Co,₹360,68
ORD-02522,2026-05-12,C0444,Tajganj,Agra Tandoor House,260,26
ORD-02523,2026-05-12,C0560,Shahganj,Agra Tandoor House,240.00,60
,2026-05-12,C0629,Civil Lines,Petha Point Cafe,₹215,32
ORD-02525,2026-05-12,C0646,Sanjay Place,Green Bowl Salads,₹436,39 min
ORD-02526,12/05/2026,C0654,Balkeshwar,Crust & Co Pizza,468.00,34
ORD-02527,2026-05-12,C0757,SANJAY PLACE,Mama's Kitchen - Agra,₹308,23
ORD-02528,2026-05-12,C0807,balkeshwar ,Taj Biryani Co,448,26 min
ORD-02529,12/05/2026,C0862,Sanjay Place,Green Bowl Salads,316.00,29
ORD-02530,May 12 2026,C0950,Kamla Nagar,Southern Spice,253.00,32
ORD-02531,12/05/2026,C0952,Sikandra,mamas kitchen ,₹246,60
ORD-02532,2026-05-12,C0982,Shahganj,MAMAS KITCHEN,356,60 min
ORD-02533,2026-05-12,C0986,Civil Lines,Agra Tandoor House,413,31
ORD-02534,2026-05-12,C1095,Sanjay Place,Crust & Co Pizza,548.00,27
ORD-02535,2026-05-13,C0033,Shahganj,Green Bowl Salads,₹389,63
ORD-02536,13/05/2026,C0132,Civil Lines,MAMAS KITCHEN,215.00,33 min
ORD-02537,2026-05-13,C0184,Balkeshwar,Southern Spice,293.00,23
ORD-02538,May 13 2026,C0189,Shahganj,Crust & Co Pizza,573.00,50
ORD-02539,13/05/2026,C0242,Sanjay Place,Mama's Kitchen,278.00,32
ORD-02540,2026-05-13,C0365,Shahganj,Southern Spice,₹220,55
ORD-02541,2026-05-13,C0382,Shahganj,Agra Tandoor House,421,53
ORD-02542,2026-05-13,C0428,Balkeshwar,Agra Tandoor House,₹374,34
ORD-02543,2026-05-13,C0470,Sanjay Place,Crust & Co Pizza,434.00,33
ORD-02544,2026-05-13,C0558,tajganj ,Green Bowl Salads,₹238,41 min
ORD-02545,2026-05-13,C0584,Shahganj,Green Bowl Salads,216.00,57 min
ORD-02546,2026-05-13,C0607,Sanjay Place,Agra Tandoor House,416,27
ORD-02547,2026-05-13,C0653,Dayalbagh,Southern Spice,₹389,31
ORD-02548,2026-05-13,C0692,Sanjay Place,Southern Spice,250.00,29
ORD-02549,2026-05-13,C0838,tajganj ,Agra Tandoor House,₹391,48
ORD-02550,2026-05-13,C0912,Shahganj,Southern Spice,₹80,47
ORD-02551,13/05/2026,C1077,sikandra ,Green Bowl Salads,₹249,63
ORD-02552,2026-05-14,C0002,Civil Lines,MAMAS KITCHEN,,21
ORD-02553,14/05/2026,C0085,Kamla Nagar,Crust & Co Pizza,₹545,36
ORD-02554,2026-05-14,C0144,Sikandra,MAMAS KITCHEN,355.00,62
ORD-02555,14/05/2026,C0167,Tajganj,Agra Tandoor House,263.00,36
ORD-02556,14/05/2026,C0187,tajganj ,Petha Point Cafe,246.00,27
ORD-02557,May 14 2026,C0209,SANJAY PLACE,MAMAS KITCHEN,444.00,33
ORD-02558,2026-05-14,C0220,Dayalbagh,mamas kitchen ,219.00,24 min
ORD-02559,2026-05-14,C0265,Shahganj,Kamla Nagar Chaat Corner,₹159,64
ORD-02560,14/05/2026,C0283,Sikandra,Green Bowl Salads,₹212,51
ORD-02561,2026-05-14,C0308,Tajganj,Agra Tandoor House,₹294,36
ORD-02562,2026-05-14,C0317,Shahganj,Agra Tandoor House,₹339,53 min
ORD-02563,2026-05-14,C0335,Sikandra,Mama's Kitchen,140.00,59
ORD-02564,2026-05-14,C0426,Civil Lines,Crust & Co Pizza,₹590,27
ORD-02565,14/05/2026,C0493,Shahganj,Southern Spice,₹322,55 min
ORD-02566,2026-05-14,C0609,SANJAY PLACE,Green Bowl Salads,329,20 min
ORD-02567,2026-05-14,C0610,Shahganj,Agra Tandoor House,431.00,48
ORD-02568,14/05/2026,C0661,KAMLA NAGAR,Agra Tandoor House,377,36
ORD-02569,2026-05-14,C0671,Civil Lines,Crust & Co Pizza,472,32
ORD-02570,14/05/2026,C0738,Sikandra,Southern Spice,₹316,58 min
ORD-02571,2026-05-14,C0770,tajganj ,Mama's Kitchen,455.00,27
ORD-02572,May 14 2026,C1014,Shahganj,Mama's Kitchen - Agra,₹161,62
ORD-02573,2026-05-15,C0113,Sanjay Place,Agra Tandoor House,315,33
ORD-02574,May 15 2026,C0120,SHAHGANJ,Mama's Kitchen,₹185,55 min
ORD-02575,15/05/2026,C0228,Shahganj,Southern Spice,274.00,61
ORD-02576,2026-05-15,C0254,Balkeshwar,Mama's Kitchen,285.00,29
ORD-02577,2026-05-15,C0505,Sikandra,Green Bowl Salads,₹274,57
ORD-02578,May 15 2026,C0537,Sanjay Place,mamas kitchen ,₹351,33
ORD-02579,2026-05-15,C0566,Balkeshwar,mamas kitchen ,₹295,36
ORD-02580,2026-05-15,C0710,Shahganj,Agra Tandoor House,₹383,55
ORD-02581,2026-05-15,C0753,Kamla Nagar,Mama's Kitchen,₹382,30 min
ORD-02582,15/05/2026,C0771,Sanjay Place,Southern Spice,,37 min
ORD-02583,2026-05-15,C0892,Shahganj,Taj Biryani Co,₹276,54
ORD-02584,2026-05-16,C0066,Dayalbagh,Kamla Nagar Chaat Corner,133,31
ORD-02585,2026-05-16,C0092,tajganj ,Crust & Co Pizza,₹573,26 min
ORD-02586,16/05/2026,C0109,SIKANDRA,mamas kitchen ,412.00,47
ORD-02587,May 16 2026,C0257,Kamla Nagar,Crust & Co Pizza,₹581,27
ORD-02588,2026-05-16,C0271,Shahganj,Mama's Kitchen,₹272,73
ORD-02589,2026-05-16,C0276,KAMLA NAGAR,Agra Tandoor House,₹468,33
ORD-02590,2026-05-16,C0332,TAJGANJ,Green Bowl Salads,330.00,35 min
ORD-02591,16/05/2026,C0333,civil lines ,MAMAS KITCHEN,314.00,48
ORD-02592,2026-05-16,C0343,Sanjay Place,Agra Tandoor House,278,23
ORD-02593,2026-05-16,C0344,Sikandra,Kamla Nagar Chaat Corner,171,59
ORD-02594,2026-05-16,C0455,balkeshwar ,Mama's Kitchen,₹496,
ORD-02595,2026-05-16,C0472,Civil Lines,Southern Spice,₹261,30
ORD-02596,2026-05-16,C0481,Sikandra,Crust & Co Pizza,371.00,73
ORD-02597,May 16 2026,C0597,Tajganj,Taj Biryani Co,312.00,43
ORD-02598,2026-05-16,C0601,Civil Lines,Agra Tandoor House,₹398,26 min
ORD-02599,2026-05-16,C0616,Sanjay Place,Petha Point Cafe,184.00,28
ORD-02600,May 16 2026,C0633,Sikandra,Southern Spice,₹253,62
ORD-02601,2026-05-16,C0652,Balkeshwar,Kamla Nagar Chaat Corner,₹157,31
ORD-02602,2026-05-16,C0707,DAYALBAGH,Green Bowl Salads,₹345,38 min
ORD-02603,May 16 2026,C0716,shahganj ,Southern Spice,₹270,60
ORD-02604,2026-05-16,C0751,Dayalbagh,Agra Tandoor House,₹276,25
ORD-02605,May 16 2026,C0772,Shahganj,Crust & Co Pizza,₹369,42
ORD-02606,2026-05-16,C0898,sikandra ,Green Bowl Salads,₹359,63
ORD-02607,May 16 2026,C0923,sanjay place ,Green Bowl Salads,222,23
ORD-02608,May 16 2026,C0986,Civil Lines,Mama's Kitchen,₹292,35
ORD-02609,2026-05-16,C0992,Kamla Nagar,Southern Spice,₹248,28
ORD-02610,May 16 2026,C1073,dayalbagh ,Mama's Kitchen,228,35
ORD-02611,16/05/2026,C1084,Sikandra,Taj Biryani Co,221,62
ORD-02612,May 17 2026,C0007,Civil Lines,Green Bowl Salads,253,30
ORD-02613,2026-05-17,C0034,Balkeshwar,Agra Tandoor House,₹271,27
ORD-02614,17/05/2026,C0110,Sanjay Place,Agra Tandoor House,₹372,39
ORD-02615,2026-05-17,C0130,Sanjay Place,Taj Biryani Co,427,26 min
ORD-02616,17/05/2026,C0218,Shahganj,mamas kitchen ,328,43
ORD-02617,17/05/2026,C0231,Civil Lines,Petha Point Cafe,₹183,26
ORD-02618,2026-05-17,C0272,SHAHGANJ,Agra Tandoor House,406,67
ORD-02619,17/05/2026,C0388,Kamla Nagar,Green Bowl Salads,243.00,22
ORD-02620,May 17 2026,C0407,Dayalbagh,Mama's Kitchen,₹413,26
ORD-02621,2026-05-17,C0412,Sikandra,Petha Point Cafe,168,58 min
ORD-02622,2026-05-17,C0495,Sanjay Place,Crust & Co Pizza,426.00,42
ORD-02623,17/05/2026,C0504,Dayalbagh,Crust & Co Pizza,485.00,32
ORD-02624,May 17 2026,C0629,Civil Lines,Green Bowl Salads,₹273,26
ORD-02625,May 17 2026,C0648,Dayalbagh,Kamla Nagar Chaat Corner,136.00,26 min
ORD-02626,2026-05-17,C0668,Sanjay Place,Taj Biryani Co,315,34
ORD-02627,2026-05-17,C0698,Sikandra,Agra Tandoor House,419.00,62
ORD-02628,2026-05-17,C0761,KAMLA NAGAR,Mama's Kitchen,,31
ORD-02629,17/05/2026,C0879,Civil Lines,Southern Spice,₹131,27
ORD-02630,17/05/2026,C0905,Dayalbagh,Agra Tandoor House,₹323,27
ORD-02631,May 17 2026,C0927,shahganj ,Mama's Kitchen - Agra,₹173,61
ORD-02632,May 17 2026,C0945,sikandra ,Crust & Co Pizza,₹207,40
ORD-02633,2026-05-17,C0969,Civil Lines,Agra Tandoor House,₹331,39
ORD-02634,2026-05-17,C0995,Balkeshwar,Crust & Co Pizza,355,18 min
ORD-02635,2026-05-17,C1021,DAYALBAGH,Petha Point Cafe,177,38
ORD-02636,17/05/2026,C1058,Tajganj,Taj Biryani Co,₹332,30 min
ORD-02637,18/05/2026,C0005,Shahganj,Crust & Co Pizza,431,51
ORD-02638,2026-05-18,C0017,Sanjay Place,Agra Tandoor House,₹541,33 min
ORD-02639,May 18 2026,C0020,Shahganj,Mama's Kitchen - Agra,₹237,65
ORD-02640,2026-05-18,C0104,Balkeshwar,Crust & Co Pizza,501,20
ORD-02641,2026-05-18,C0134,Shahganj,Mama's Kitchen,₹276,58
ORD-02642,May 18 2026,C0417,Dayalbagh,Green Bowl Salads,379.00,29
ORD-02631,May 17 2026,C0927,shahganj ,Mama's Kitchen - Agra,₹173,61
ORD-02643,May 18 2026,C0435,Dayalbagh,Agra Tandoor House,₹400,35
ORD-02644,2026-05-18,C0488,Dayalbagh,Agra Tandoor House,₹426,30
ORD-02645,May 18 2026,C0523,Civil Lines,Mama's Kitchen - Agra,327,31
ORD-02646,2026-05-18,C0542,Shahganj,Green Bowl Salads,₹343,57
ORD-02647,18/05/2026,C0546,Shahganj,Southern Spice,242,44 min
ORD-02648,2026-05-18,C0575,Kamla Nagar,Green Bowl Salads,182.00,31
ORD-02649,May 18 2026,C0578,kamla nagar ,Agra Tandoor House,₹292,26
ORD-02650,2026-05-18,C0626,Tajganj,Kamla Nagar Chaat Corner,127,32
ORD-02651,2026-05-18,C0672,Civil Lines,Taj Biryani Co,218,27
ORD-02652,May 18 2026,C0705,Dayalbagh,Petha Point Cafe,262.00,40 min
ORD-02653,May 18 2026,C0768,BALKESHWAR,Southern Spice,229,37
ORD-02654,2026-05-18,C0919,Balkeshwar,Taj Biryani Co,₹344,31 min
ORD-02655,2026-05-18,C0930,dayalbagh ,Crust & Co Pizza,₹522,28
ORD-02656,2026-05-18,C0950,kamla nagar ,Petha Point Cafe,₹154,34
ORD-02657,2026-05-18,C0956,Shahganj,Crust & Co Pizza,465.00,48
ORD-02658,2026-05-18,C0965,Shahganj,Petha Point Cafe,173.00,61
ORD-02659,2026-05-18,C1088,civil lines ,Mama's Kitchen - Agra,₹241,37 min
ORD-02660,2026-05-18,C1090,shahganj ,Kamla Nagar Chaat Corner,₹143,47
ORD-02661,2026-05-18,C1095,SANJAY PLACE,Green Bowl Salads,₹311,44 min
ORD-02662,2026-05-19,C0026,BALKESHWAR,Petha Point Cafe,₹179,28 min
ORD-02663,2026-05-19,C0043,Tajganj,Taj Biryani Co,411.00,34
ORD-02664,2026-05-19,C0168,Civil Lines,Agra Tandoor House,₹479,33
ORD-02665,2026-05-19,C0173,Balkeshwar,Agra Tandoor House,320,31
ORD-02666,19/05/2026,C0183,Sikandra,Green Bowl Salads,163,62 min
ORD-02667,19/05/2026,C0247,Sanjay Place,Crust & Co Pizza,626.00,27
ORD-02668,2026-05-19,C0378,Dayalbagh,Crust & Co Pizza,444.00,35
ORD-02669,May 19 2026,C0423,Tajganj,Mama's Kitchen,₹333,40
ORD-02670,2026-05-19,C0428,balkeshwar ,Petha Point Cafe,232.00,18
ORD-02671,19/05/2026,C0598,Sikandra,Kamla Nagar Chaat Corner,121,53 min
ORD-02672,2026-05-19,C0617,Kamla Nagar,Mama's Kitchen - Agra,₹351,28
ORD-02673,2026-05-19,C0642,Civil Lines,mamas kitchen ,322,26 min
ORD-02674,2026-05-19,C0686,Kamla Nagar,Green Bowl Salads,₹179,22
ORD-02675,2026-05-19,C0696,Kamla Nagar,Agra Tandoor House,291.00,46
ORD-02676,19/05/2026,C0704,Civil Lines,Agra Tandoor House,406.00,30 min
ORD-02677,19/05/2026,C0769,Sikandra,Kamla Nagar Chaat Corner,147.00,43
ORD-02678,May 19 2026,C0793,Dayalbagh,Petha Point Cafe,₹134,36
ORD-02679,2026-05-19,C0838,Tajganj,mamas kitchen ,₹359,45 min
ORD-02680,2026-05-19,C0846,BALKESHWAR,MAMAS KITCHEN,395.00,34
ORD-02681,2026-05-19,C0849,Balkeshwar,Agra Tandoor House,₹411,37
ORD-00550,13/02/2026,C0758,Sikandra,Crust & Co Pizza,417.00,44
ORD-02682,2026-05-19,C0850,Balkeshwar,Taj Biryani Co,352.00,35
ORD-02683,2026-05-19,C0974,Balkeshwar,Mama's Kitchen,₹282,30
ORD-02684,19/05/2026,C1007,Civil Lines,Agra Tandoor House,245,34
ORD-02685,May 20 2026,C0002,Civil Lines,Petha Point Cafe,214.00,41
ORD-02686,2026-05-20,C0052,Shahganj,MAMAS KITCHEN,276.00,65
ORD-02687,2026-05-20,C0140,Balkeshwar,MAMAS KITCHEN,329,21 min
ORD-02688,20/05/2026,C0159,Dayalbagh,Crust & Co Pizza,420,32
ORD-02689,2026-05-20,C0164,Sikandra,Agra Tandoor House,271.00,
ORD-02690,20/05/2026,C0295,Dayalbagh,Petha Point Cafe,207.00,32
ORD-02691,20/05/2026,C0305,Civil Lines,Kamla Nagar Chaat Corner,₹175,40
ORD-02692,2026-05-20,C0315,SIKANDRA,Agra Tandoor House,315,65 min
ORD-02693,May 20 2026,C0345,Kamla Nagar,Agra Tandoor House,289.00,43
ORD-02694,2026-05-20,C0351,Dayalbagh,Kamla Nagar Chaat Corner,₹172,30
ORD-02695,2026-05-20,C0444,Tajganj,mamas kitchen ,282.00,40
ORD-02696,2026-05-20,C0457,KAMLA NAGAR,Mama's Kitchen,345,29
ORD-02697,2026-05-20,C0476,BALKESHWAR,Green Bowl Salads,₹241,33
ORD-02698,20/05/2026,C0493,Shahganj,Kamla Nagar Chaat Corner,₹174,59
ORD-02699,2026-05-20,C0526,Sikandra,Petha Point Cafe,235.00,61
ORD-02700,20/05/2026,C0584,Shahganj,Petha Point Cafe,300,49
ORD-02701,2026-05-20,C0609,sanjay place ,Agra Tandoor House,287,31
ORD-02702,2026-05-20,C0723,DAYALBAGH,Crust & Co Pizza,407.00,33
ORD-02703,2026-05-20,C0740,Sanjay Place,Southern Spice,₹231,28
ORD-02704,2026-05-20,C0744,TAJGANJ,Kamla Nagar Chaat Corner,176,33 min
ORD-02705,20/05/2026,C0852,TAJGANJ,Crust & Co Pizza,435.00,28
ORD-02706,2026-05-20,C0925,SIKANDRA,Green Bowl Salads,₹306,52
ORD-02707,2026-05-20,C0951,Civil Lines,Taj Biryani Co,₹388,39
ORD-02708,May 20 2026,C0987,Shahganj,Kamla Nagar Chaat Corner,₹189,67
ORD-02709,2026-05-20,C1053,shahganj ,Taj Biryani Co,326,54
ORD-02710,20/05/2026,C1063,Kamla Nagar,Kamla Nagar Chaat Corner,134,45
ORD-02711,2026-05-21,C0016,Sikandra,Taj Biryani Co,₹314,60
ORD-02712,2026-05-21,C0088,DAYALBAGH,MAMAS KITCHEN,₹235,40 min
ORD-02713,2026-05-21,C0102,Shahganj,Southern Spice,₹296,50 min
ORD-02714,2026-05-21,C0117,Civil Lines,Petha Point Cafe,₹181,40
ORD-02715,2026-05-21,C0128,Shahganj,Mama's Kitchen - Agra,₹394,55
ORD-02716,2026-05-21,C0132,Civil Lines,Agra Tandoor House,401,32
ORD-02717,2026-05-21,C0229,Balkeshwar,Mama's Kitchen - Agra,339,36
ORD-00058,2026-01-10,C0618,Tajganj,Southern Spice,262.00,22 min
ORD-02718,2026-05-21,C0377,Tajganj,Taj Biryani Co,₹349,28
ORD-02719,2026-05-21,C0426,Civil Lines,Kamla Nagar Chaat Corner,136.00,30
ORD-02720,2026-05-21,C0460,Shahganj,Southern Spice,₹303,55
ORD-02721,2026-05-21,C0480,Shahganj,Taj Biryani Co,239,61
ORD-02722,2026-05-21,C0506,Kamla Nagar,Taj Biryani Co,294,23
ORD-02723,2026-05-21,C0683,Shahganj,Southern Spice,334.00,65
ORD-02724,2026-05-21,C0761,Kamla Nagar,Green Bowl Salads,₹345,28
ORD-02725,2026-05-21,C0825,Sikandra,Green Bowl Salads,₹352,51
ORD-02726,May 21 2026,C0977,Dayalbagh,Agra Tandoor House,431.00,42
ORD-02727,2026-05-21,C1038,Dayalbagh,Mama's Kitchen,₹518,34
ORD-02728,2026-05-22,C0068,Tajganj,Petha Point Cafe,199,28
ORD-02729,2026-05-22,C0213,Shahganj,Green Bowl Salads,334,50
ORD-02730,2026-05-22,C0216,Civil Lines,Kamla Nagar Chaat Corner,165.00,40
ORD-02731,22/05/2026,C0226,Sanjay Place,Petha Point Cafe,₹159,47
ORD-02732,2026-05-22,C0332,Tajganj,Mama's Kitchen - Agra,₹389,38
ORD-02733,2026-05-22,C0357,Tajganj,Kamla Nagar Chaat Corner,₹111,28
ORD-02734,May 22 2026,C0373,Shahganj,Agra Tandoor House,₹270,49
ORD-02735,2026-05-22,C0455,Balkeshwar,mamas kitchen ,386,18
ORD-02736,22/05/2026,C0463,Kamla Nagar,Crust & Co Pizza,414,39 min
ORD-02737,2026-05-22,C0483,Sikandra,Kamla Nagar Chaat Corner,₹141,57
ORD-02738,2026-05-22,C0524,Balkeshwar,Kamla Nagar Chaat Corner,147,40
ORD-02739,22/05/2026,C0544,SHAHGANJ,Mama's Kitchen,356,58
ORD-02740,2026-05-22,C0589,Tajganj,Taj Biryani Co,260,35
ORD-02741,2026-05-22,C0607,Sanjay Place,Mama's Kitchen,₹175,36
ORD-02742,22/05/2026,C0659,Shahganj,Green Bowl Salads,₹341,50
ORD-02743,2026-05-22,C0713,SANJAY PLACE,Crust & Co Pizza,558,25
ORD-00703,21/02/2026,C1093,Sikandra,Taj Biryani Co,₹264,38
ORD-02744,22/05/2026,C0789,Dayalbagh,Agra Tandoor House,466.00,32
ORD-02745,2026-05-22,C0840,Sikandra,Crust & Co Pizza,₹442,64
ORD-02746,22/05/2026,C0860,Sikandra,MAMAS KITCHEN,₹287,58
ORD-02747,2026-05-22,C0905,Dayalbagh,Petha Point Cafe,₹200,38
ORD-02748,22/05/2026,C0948,Balkeshwar,Agra Tandoor House,382,27
ORD-02749,2026-05-22,C1091,CIVIL LINES,Agra Tandoor House,₹416,40 min
ORD-02750,23/05/2026,C0125,Civil Lines,Petha Point Cafe,201,37
ORD-02751,23/05/2026,C0137,Kamla Nagar,Mama's Kitchen,₹402,43 min
ORD-02752,May 23 2026,C0296,sikandra ,Petha Point Cafe,197.00,67
ORD-02753,May 23 2026,C0308,Tajganj,Taj Biryani Co,₹349,37
ORD-02754,23/05/2026,C0378,Dayalbagh,Agra Tandoor House,₹350,41 min
ORD-02755,2026-05-23,C0383,Kamla Nagar,Southern Spice,₹196,21 min
ORD-02756,2026-05-23,C0420,Sanjay Place,Southern Spice,228,20
ORD-02757,23/05/2026,C0470,Sanjay Place,Agra Tandoor House,435.00,27
ORD-02758,23/05/2026,C0532,Sikandra,Agra Tandoor House,487.00,62
ORD-02759,May 23 2026,C0548,Tajganj,Green Bowl Salads,190,32 min
ORD-02760,May 23 2026,C0567,Shahganj,Kamla Nagar Chaat Corner,139,62 min
ORD-02761,2026-05-23,C0657,Sanjay Place,Agra Tandoor House,233,41
ORD-02762,May 23 2026,C0730,sikandra ,Green Bowl Salads,200,50
ORD-02763,2026-05-23,C0757,Sanjay Place,Green Bowl Salads,327,30 min
ORD-02764,2026-05-23,C0790,SANJAY PLACE,MAMAS KITCHEN,₹255,
ORD-02765,2026-05-23,C0858,Tajganj,Southern Spice,371,38
ORD-02766,23/05/2026,C0895,Sanjay Place,Kamla Nagar Chaat Corner,191,38
ORD-02767,23/05/2026,C0921,Balkeshwar,Green Bowl Salads,₹370,19
ORD-02768,2026-05-23,C1082,Sikandra,Agra Tandoor House,205,52
,2026-05-23,C1084,sikandra ,Kamla Nagar Chaat Corner,160.00,63
ORD-02770,2026-05-23,C1094,Kamla Nagar,Mama's Kitchen - Agra,244.00,32
ORD-02771,2026-05-24,C0181,Dayalbagh,Southern Spice,₹290,21
ORD-02772,May 24 2026,C0221,Balkeshwar,Crust & Co Pizza,₹433,31 min
ORD-02773,2026-05-24,C0268,Balkeshwar,Agra Tandoor House,340,27
ORD-02774,May 24 2026,C0323,Balkeshwar,Green Bowl Salads,355.00,32
ORD-02775,2026-05-24,C0351,Dayalbagh,Green Bowl Salads,,34
ORD-02776,2026-05-24,C0398,Sikandra,Mama's Kitchen,222.00,47 min
ORD-02777,24/05/2026,C0499,Balkeshwar,Taj Biryani Co,456,25
ORD-02778,2026-05-24,C0582,Civil Lines,Southern Spice,282.00,24
ORD-02779,2026-05-24,C0606,civil lines ,Southern Spice,208,34
ORD-02780,May 24 2026,C0632,Tajganj,Taj Biryani Co,218.00,21
ORD-02781,2026-05-24,C0639,Dayalbagh,Crust & Co Pizza,₹549,26 min
ORD-02782,2026-05-24,C0865,Civil Lines,Petha Point Cafe,137,39
ORD-02783,2026-05-24,C0869,SHAHGANJ,Petha Point Cafe,₹256,45 min
ORD-02784,2026-05-24,C0913,Kamla Nagar,Kamla Nagar Chaat Corner,135,28 min
ORD-02785,2026-05-24,C0973,Sikandra,Kamla Nagar Chaat Corner,₹141,52
ORD-02786,2026-05-25,C0028,Sikandra,Crust & Co Pizza,356,
ORD-02787,25/05/2026,C0055,Tajganj,Southern Spice,₹291,12
ORD-02788,2026-05-25,C0063,Shahganj,Mama's Kitchen - Agra,₹233,54
ORD-02789,2026-05-25,C0092,Tajganj,Taj Biryani Co,226,30 min
ORD-02790,2026-05-25,C0138,Sikandra,Mama's Kitchen - Agra,₹322,62
ORD-02791,25/05/2026,C0139,Sikandra,Crust & Co Pizza,433.00,48
ORD-02792,25/05/2026,C0140,Balkeshwar,Taj Biryani Co,₹234,41
ORD-02793,25/05/2026,C0145,Shahganj,Southern Spice,292.00,43
ORD-02794,2026-05-25,C0260,Balkeshwar,Taj Biryani Co,256,24
ORD-02795,2026-05-25,C0283,Sikandra,Petha Point Cafe,₹145,60
ORD-02796,25/05/2026,C0339,Kamla Nagar,Crust & Co Pizza,504.00,28
ORD-02797,25/05/2026,C0393,Dayalbagh,Mama's Kitchen,₹246,33
ORD-02798,2026-05-25,C0496,Tajganj,Agra Tandoor House,₹329,33
ORD-02799,2026-05-25,C0558,tajganj ,Crust & Co Pizza,₹396,25
ORD-02800,25/05/2026,C0575,Kamla Nagar,Taj Biryani Co,337.00,27
ORD-02801,2026-05-25,C0623,CIVIL LINES,Kamla Nagar Chaat Corner,178,38
ORD-02802,25/05/2026,C0635,Kamla Nagar,Taj Biryani Co,₹244,28
ORD-02803,May 25 2026,C0725,Tajganj,Petha Point Cafe,₹263,33
ORD-02804,2026-05-25,C0749,Civil Lines,Green Bowl Salads,,34 min
ORD-02805,2026-05-25,C0770,Tajganj,Kamla Nagar Chaat Corner,160,23
ORD-02806,25/05/2026,C0837,sanjay place ,Southern Spice,₹128,24
ORD-02807,25/05/2026,C0919,Balkeshwar,Crust & Co Pizza,390,31
ORD-02808,May 25 2026,C0934,Civil Lines,Green Bowl Salads,271.00,17
ORD-02809,2026-05-25,C0974,balkeshwar ,Mama's Kitchen,₹423,41
ORD-02810,2026-05-26,C0031,Sikandra,Petha Point Cafe,,58
ORD-02811,26/05/2026,C0160,Sanjay Place,Taj Biryani Co,₹318,22
ORD-02812,2026-05-26,C0167,Tajganj,Agra Tandoor House,₹247,36
ORD-02813,2026-05-26,C0172,Sikandra,Petha Point Cafe,153,55
ORD-02814,2026-05-26,C0184,Balkeshwar,Kamla Nagar Chaat Corner,₹96,38
ORD-02815,2026-05-26,C0187,tajganj ,Taj Biryani Co,267,36 min
ORD-02816,2026-05-26,C0211,Dayalbagh,Agra Tandoor House,₹252,22 min
ORD-02817,2026-05-26,C0309,Kamla Nagar,Southern Spice,266.00,39
ORD-02818,May 26 2026,C0426,Civil Lines,Agra Tandoor House,466,24
ORD-02819,26/05/2026,C0449,Sikandra,Southern Spice,₹177,59 min
ORD-02820,2026-05-26,C0451,Kamla Nagar,Mama's Kitchen - Agra,510,35
ORD-02821,May 26 2026,C0571,Kamla Nagar,Mama's Kitchen,464,24 min
ORD-02799,2026-05-25,C0558,tajganj ,Crust & Co Pizza,₹396,25
ORD-02822,2026-05-26,C0637,Dayalbagh,Crust & Co Pizza,484,36 min
ORD-02823,2026-05-26,C0654,Balkeshwar,Mama's Kitchen,273,32
ORD-02824,May 26 2026,C0656,Shahganj,Kamla Nagar Chaat Corner,₹110,58 min
ORD-02825,2026-05-26,C0699,Shahganj,Green Bowl Salads,₹266,
ORD-02826,May 26 2026,C0781,Civil Lines,Kamla Nagar Chaat Corner,₹149,37 min
ORD-02827,26/05/2026,C0855,Civil Lines,Mama's Kitchen - Agra,₹334,31
ORD-02828,2026-05-26,C0914,Shahganj,Petha Point Cafe,₹228,65 min
ORD-02829,2026-05-26,C0944,Sanjay Place,Mama's Kitchen,₹400,34
ORD-02830,2026-05-26,C0949,Kamla Nagar,Kamla Nagar Chaat Corner,₹99,22
ORD-02831,2026-05-26,C1036,Sanjay Place,Green Bowl Salads,187,25
ORD-02832,2026-05-27,C0005,Shahganj,Taj Biryani Co,,53
ORD-02833,May 27 2026,C0047,dayalbagh ,Agra Tandoor House,417.00,25
ORD-02834,2026-05-27,C0068,Tajganj,Kamla Nagar Chaat Corner,₹142,41
ORD-02835,2026-05-27,C0097,Shahganj,Kamla Nagar Chaat Corner,80.00,70 min
ORD-02836,27/05/2026,C0110,Sanjay Place,Green Bowl Salads,,28
ORD-02837,27/05/2026,C0118,Sikandra,Taj Biryani Co,406,53
ORD-02838,2026-05-27,C0132,Civil Lines,mamas kitchen ,₹386,36
ORD-02839,May 27 2026,C0220,Dayalbagh,Taj Biryani Co,₹252,28
ORD-02840,2026-05-27,C0254,Balkeshwar,Crust & Co Pizza,₹225,26
ORD-02841,2026-05-27,C0298,KAMLA NAGAR,Petha Point Cafe,188.00,34
ORD-02842,2026-05-27,C0302,Sikandra,Agra Tandoor House,₹471,61
ORD-02843,2026-05-27,C0311,BALKESHWAR,Crust & Co Pizza,185.00,39
ORD-02844,2026-05-27,C0327,Shahganj,Green Bowl Salads,184.00,48 min
ORD-02845,27/05/2026,C0437,civil lines ,Kamla Nagar Chaat Corner,,31 min
ORD-02846,2026-05-27,C0466,DAYALBAGH,Mama's Kitchen - Agra,385,30 min
ORD-02847,2026-05-27,C0566,Balkeshwar,Agra Tandoor House,465.00,33
ORD-02848,2026-05-27,C0578,Kamla Nagar,Mama's Kitchen - Agra,211.00,31
ORD-02849,2026-05-27,C0601,Civil Lines,Crust & Co Pizza,₹495,30
ORD-02850,2026-05-27,C0619,sanjay place ,Mama's Kitchen,414.00,39 min
ORD-02851,May 27 2026,C0659,Shahganj,Taj Biryani Co,,56 min
ORD-02852,27/05/2026,C0739,Tajganj,MAMAS KITCHEN,408.00,27
ORD-02853,2026-05-27,C0759,Shahganj,Crust & Co Pizza,371.00,67
ORD-02854,2026-05-27,C0795,Civil Lines,Crust & Co Pizza,₹419,21 min
ORD-02855,27/05/2026,C0814,Balkeshwar,Mama's Kitchen,₹261,27
ORD-02856,2026-05-27,C0850,Balkeshwar,Agra Tandoor House,342,23
ORD-02857,2026-05-27,C0928,Dayalbagh,Green Bowl Salads,₹359,30
ORD-02858,2026-05-27,C0987,Shahganj,Mama's Kitchen - Agra,363.00,57
ORD-02859,May 27 2026,C1028,Kamla Nagar,Green Bowl Salads,392.00,27
ORD-02860,May 27 2026,C1063,Kamla Nagar,Petha Point Cafe,174.00,26 min
ORD-02861,May 27 2026,C1074,Sikandra,Petha Point Cafe,122.00,58
ORD-02862,27/05/2026,C1098,Balkeshwar,Southern Spice,283,26
ORD-02863,2026-05-28,C0054,Sikandra,Agra Tandoor House,₹354,56
ORD-02864,2026-05-28,C0089,Sanjay Place,mamas kitchen ,281.00,25
ORD-02865,May 28 2026,C0102,Shahganj,Mama's Kitchen,₹311,62
ORD-02866,2026-05-28,C0170,Shahganj,Southern Spice,₹277,51
ORD-02867,28/05/2026,C0179,Dayalbagh,MAMAS KITCHEN,₹276,34
ORD-02868,May 28 2026,C0253,Shahganj,MAMAS KITCHEN,161.00,65 min
ORD-02869,28/05/2026,C0303,Kamla Nagar,Mama's Kitchen,₹402,20
ORD-02870,2026-05-28,C0433,TAJGANJ,Agra Tandoor House,378.00,35
ORD-02871,May 28 2026,C0560,shahganj ,Mama's Kitchen,377,62
ORD-02872,2026-05-28,C0626,Tajganj,Mama's Kitchen - Agra,₹370,34
ORD-02873,2026-05-28,C0765,Tajganj,Southern Spice,₹168,16
ORD-02874,2026-05-28,C0794,Civil Lines,Kamla Nagar Chaat Corner,₹149,19
ORD-02875,2026-05-28,C0841,Shahganj,Agra Tandoor House,₹285,60 min
ORD-02876,2026-05-28,C0846,balkeshwar ,MAMAS KITCHEN,₹364,28
ORD-02877,2026-05-28,C0911,SHAHGANJ,mamas kitchen ,472.00,53
ORD-02878,28/05/2026,C0913,Kamla Nagar,Petha Point Cafe,₹168,34
ORD-02879,2026-05-28,C1018,Shahganj,Crust & Co Pizza,₹533,47
ORD-02880,2026-05-29,C0023,Balkeshwar,Taj Biryani Co,321,18
ORD-02881,May 29 2026,C0027,Sikandra,Mama's Kitchen,245.00,41
ORD-02882,May 29 2026,C0091,Shahganj,Mama's Kitchen - Agra,318.00,48 min
ORD-02883,2026-05-29,C0092,Tajganj,MAMAS KITCHEN,₹279,32
ORD-02884,2026-05-29,C0093,Sanjay Place,Petha Point Cafe,₹200,20
ORD-02885,2026-05-29,C0214,Kamla Nagar,Mama's Kitchen - Agra,439,37
ORD-02886,2026-05-29,C0231,Civil Lines,Petha Point Cafe,₹230,31
ORD-02887,2026-05-29,C0288,Balkeshwar,MAMAS KITCHEN,465,21
ORD-02888,May 29 2026,C0323,Balkeshwar,Taj Biryani Co,347,41 min
ORD-02889,2026-05-29,C0337,Tajganj,Taj Biryani Co,305.00,35
ORD-02890,2026-05-29,C0343,Sanjay Place,Taj Biryani Co,198.00,32 min
ORD-02891,29/05/2026,C0363,Sikandra,Mama's Kitchen,₹479,62
ORD-02892,May 29 2026,C0432,Civil Lines,Petha Point Cafe,₹160,36
ORD-02893,2026-05-29,C0504,Dayalbagh,Southern Spice,267,17
ORD-02894,2026-05-29,C0539,balkeshwar ,Mama's Kitchen,₹427,30
ORD-02895,29/05/2026,C0646,Sanjay Place,Taj Biryani Co,₹373,42 min
ORD-02896,May 29 2026,C0769,Sikandra,Crust & Co Pizza,264,65
ORD-02897,May 29 2026,C0936,Dayalbagh,Taj Biryani Co,₹256,26
ORD-02898,2026-05-29,C1073,Dayalbagh,Southern Spice,181,26
ORD-02899,30/05/2026,C0036,Kamla Nagar,Mama's Kitchen - Agra,385.00,32
ORD-02900,May 30 2026,C0145,Shahganj,Mama's Kitchen - Agra,297.00,58
ORD-02901,2026-05-30,C0173,Balkeshwar,MAMAS KITCHEN,282,39 min
ORD-02902,2026-05-30,C0176,Balkeshwar,MAMAS KITCHEN,₹323,33
ORD-02903,2026-05-30,C0182,Kamla Nagar,Mama's Kitchen,412.00,39
ORD-02904,30/05/2026,C0244,Sikandra,Agra Tandoor House,,51 min
ORD-02905,2026-05-30,C0411,Dayalbagh,Petha Point Cafe,₹185,13
ORD-02906,2026-05-30,C0429,Shahganj,Southern Spice,265,53
ORD-02907,2026-05-30,C0435,Dayalbagh,Southern Spice,361.00,16 min
ORD-02908,2026-05-30,C0452,Shahganj,Mama's Kitchen,₹258,49 min
ORD-02909,2026-05-30,C0546,SHAHGANJ,Kamla Nagar Chaat Corner,₹136,73
ORD-02910,2026-05-30,C0582,Civil Lines,Petha Point Cafe,217.00,37
ORD-02911,2026-05-30,C0613,Sikandra,MAMAS KITCHEN,132.00,54 min
ORD-02912,30/05/2026,C0653,Dayalbagh,Green Bowl Salads,356.00,25
ORD-02913,2026-05-30,C0671,civil lines ,Crust & Co Pizza,₹478,18
ORD-02914,30/05/2026,C0707,Dayalbagh,Southern Spice,281.00,31
ORD-02915,May 30 2026,C0751,Dayalbagh,Taj Biryani Co,₹254,44
ORD-02916,2026-05-30,C0772,Shahganj,Agra Tandoor House,383.00,57
ORD-02917,2026-05-30,C0797,Tajganj,Agra Tandoor House,₹283,33
ORD-02918,2026-05-30,C0889,Sanjay Place,Petha Point Cafe,₹105,31
ORD-02919,May 30 2026,C1025,Balkeshwar,Mama's Kitchen,201,
ORD-02920,30/05/2026,C1097,Sikandra,Agra Tandoor House,454,71
ORD-02921,2026-05-31,C0120,shahganj ,mamas kitchen ,278,58
ORD-02922,31/05/2026,C0146,TAJGANJ,Mama's Kitchen,347.00,34 min
ORD-02923,2026-05-31,C0150,Shahganj,Crust & Co Pizza,₹353,63
ORD-02924,2026-05-31,C0159,Dayalbagh,Petha Point Cafe,134.00,23 min
ORD-02925,2026-05-31,C0168,Civil Lines,mamas kitchen ,₹197,29
ORD-02926,2026-05-31,C0181,Dayalbagh,Green Bowl Salads,122.00,36
ORD-02927,2026-05-31,C0186,balkeshwar ,Petha Point Cafe,132.00,42 min
ORD-02928,2026-05-31,C0249,Balkeshwar,Southern Spice,₹210,32
ORD-02929,31/05/2026,C0261,dayalbagh ,Taj Biryani Co,300.00,35 min
ORD-02930,31/05/2026,C0360,Sikandra,Mama's Kitchen,₹272,54
ORD-02931,2026-05-31,C0383,Kamla Nagar,Mama's Kitchen,₹290,32
ORD-02932,2026-05-31,C0426,Civil Lines,Southern Spice,208,33
ORD-02933,31/05/2026,C0455,Balkeshwar,MAMAS KITCHEN,370,25
ORD-02934,2026-05-31,C0489,Sikandra,Crust & Co Pizza,₹291,58 min
ORD-02935,2026-05-31,C0499,Balkeshwar,Green Bowl Salads,299.00,27
ORD-02936,May 31 2026,C0552,Shahganj,Taj Biryani Co,189.00,48
ORD-02937,2026-05-31,C0726,Kamla Nagar,Southern Spice,293,31
ORD-02938,2026-05-31,C0858,Tajganj,Kamla Nagar Chaat Corner,229.00,38
ORD-02939,2026-05-31,C0903,Dayalbagh,Kamla Nagar Chaat Corner,₹160,49
ORD-02940,2026-05-31,C0921,Balkeshwar,MAMAS KITCHEN,181,29
ORD-02941,2026-05-31,C0951,Civil Lines,Southern Spice,388,32
ORD-02942,Jun 01 2026,C0077,Sikandra,Taj Biryani Co,191.00,75 min
ORD-02943,01/06/2026,C0086,Civil Lines,Agra Tandoor House,₹331,36
ORD-02944,2026-06-01,C0130,Sanjay Place,Kamla Nagar Chaat Corner,169,22
ORD-02945,2026-06-01,C0139,SIKANDRA,Agra Tandoor House,94,57
ORD-02946,2026-06-01,C0140,BALKESHWAR,Crust & Co Pizza,₹435,44
ORD-02947,01/06/2026,C0280,Tajganj,Green Bowl Salads,387,35
ORD-02948,2026-06-01,C0345,Kamla Nagar,Kamla Nagar Chaat Corner,143,28
ORD-02949,Jun 01 2026,C0355,Sikandra,Green Bowl Salads,,71
ORD-02950,01/06/2026,C0407,Dayalbagh,Kamla Nagar Chaat Corner,110.00,36 min
ORD-02951,01/06/2026,C0494,Sanjay Place,Kamla Nagar Chaat Corner,106,36
ORD-02952,2026-06-01,C0506,Kamla Nagar,Agra Tandoor House,354.00,35
ORD-02953,2026-06-01,C0548,Tajganj,Petha Point Cafe,₹179,35
ORD-02954,2026-06-01,C0575,Kamla Nagar,Petha Point Cafe,₹218,31 min
ORD-02955,Jun 01 2026,C0654,Balkeshwar,Taj Biryani Co,286.00,20
ORD-02956,Jun 01 2026,C0657,Sanjay Place,Southern Spice,,32
ORD-02957,2026-06-01,C0950,Kamla Nagar,Kamla Nagar Chaat Corner,₹162,38
ORD-02958,2026-06-02,C0066,DAYALBAGH,Mama's Kitchen - Agra,381.00,23
ORD-02959,2026-06-02,C0093,SANJAY PLACE,Petha Point Cafe,₹173,41
ORD-02960,02/06/2026,C0322,sanjay place ,Green Bowl Salads,₹248,26
ORD-02961,2026-06-02,C0476,balkeshwar ,Mama's Kitchen,₹328,15
ORD-02962,Jun 02 2026,C0524,Balkeshwar,Taj Biryani Co,₹438,47 min
ORD-02963,02/06/2026,C0606,Civil Lines,Green Bowl Salads,458,35 min
ORD-02964,2026-06-02,C0661,Kamla Nagar,Taj Biryani Co,184,28
ORD-02965,02/06/2026,C0995,Balkeshwar,Petha Point Cafe,235.00,44
ORD-02966,2026-06-03,C0034,Balkeshwar,Green Bowl Salads,225,29
ORD-02967,03/06/2026,C0092,tajganj ,MAMAS KITCHEN,₹431,24
ORD-02968,Jun 03 2026,C0257,Kamla Nagar,Taj Biryani Co,326.00,32
ORD-02969,Jun 03 2026,C0295,Dayalbagh,Green Bowl Salads,208,32
ORD-02970,2026-06-03,C0393,Dayalbagh,Southern Spice,₹255,23
ORD-02971,2026-06-03,C0601,Civil Lines,Kamla Nagar Chaat Corner,80.00,37 min
ORD-02972,2026-06-03,C0607,SANJAY PLACE,Green Bowl Salads,₹293,15
ORD-02973,2026-06-03,C0617,Kamla Nagar,Crust & Co Pizza,275,28
ORD-02974,2026-06-03,C0639,DAYALBAGH,Mama's Kitchen,409,35 min
ORD-02975,03/06/2026,C0656,SHAHGANJ,Mama's Kitchen,249,70
ORD-02976,2026-06-03,C1063,KAMLA NAGAR,Petha Point Cafe,₹169,24
ORD-02977,2026-06-04,C0126,Dayalbagh,Mama's Kitchen,₹393,29 min
ORD-02978,Jun 04 2026,C0182,KAMLA NAGAR,Taj Biryani Co,₹408,24
ORD-02979,04/06/2026,C0229,balkeshwar ,Agra Tandoor House,328,26
ORD-02980,2026-06-04,C0254,Balkeshwar,Taj Biryani Co,₹403,31
ORD-02981,2026-06-04,C0433,TAJGANJ,Mama's Kitchen - Agra,₹231,39
ORD-02982,04/06/2026,C0499,Balkeshwar,Crust & Co Pizza,₹433,42
ORD-02983,2026-06-04,C0597,tajganj ,Mama's Kitchen - Agra,₹411,39
ORD-02984,2026-06-04,C0646,Sanjay Place,Southern Spice,₹230,32 min
ORD-02985,2026-06-04,C0686,Kamla Nagar,Agra Tandoor House,555,20
ORD-02986,2026-06-04,C0696,Kamla Nagar,Agra Tandoor House,,31
ORD-02987,2026-06-04,C0749,Civil Lines,Green Bowl Salads,₹229,17
ORD-02988,04/06/2026,C0912,SHAHGANJ,Taj Biryani Co,₹289,61
ORD-02989,2026-06-04,C1021,Dayalbagh,Crust & Co Pizza,₹468,35
ORD-02990,2026-06-05,C0002,Civil Lines,Agra Tandoor House,₹482,
ORD-02991,2026-06-05,C0113,SANJAY PLACE,Taj Biryani Co,₹359,26
ORD-00905,2026-03-02,C0375,Shahganj,Agra Tandoor House,₹393,42 min
ORD-02992,2026-06-05,C0125,Civil Lines,Agra Tandoor House,₹393,34
ORD-02993,2026-06-05,C0183,Sikandra,Petha Point Cafe,₹221,67
ORD-02994,2026-06-05,C0276,Kamla Nagar,Kamla Nagar Chaat Corner,₹182,40 min
ORD-02995,05/06/2026,C0343,Sanjay Place,Crust & Co Pizza,₹141,
ORD-02996,05/06/2026,C0388,KAMLA NAGAR,Petha Point Cafe,₹168,29 min
ORD-02997,05/06/2026,C0417,Dayalbagh,Green Bowl Salads,₹213,24
ORD-02998,2026-06-05,C0432,Civil Lines,Taj Biryani Co,₹325,29 min
ORD-02999,05/06/2026,C0635,Kamla Nagar,Agra Tandoor House,302,36
ORD-03000,2026-06-05,C0668,SANJAY PLACE,Green Bowl Salads,₹140,21
ORD-03001,Jun 05 2026,C0683,Shahganj,Agra Tandoor House,121,71
ORD-03002,05/06/2026,C0838,TAJGANJ,Petha Point Cafe,178,28
ORD-03003,2026-06-05,C0849,Balkeshwar,Mama's Kitchen,350.00,37
ORD-03004,05/06/2026,C0855,Civil Lines,Taj Biryani Co,263.00,27
ORD-03005,2026-06-05,C0865,civil lines ,MAMAS KITCHEN,269,28
ORD-03006,Jun 06 2026,C0132,Civil Lines,Petha Point Cafe,168.00,34
ORD-03007,2026-06-06,C0167,TAJGANJ,Kamla Nagar Chaat Corner,171,19 min
ORD-03008,06/06/2026,C0186,BALKESHWAR,Agra Tandoor House,₹319,34 min
ORD-03009,2026-06-06,C0216,Civil Lines,Green Bowl Salads,366,39
ORD-03010,06/06/2026,C0426,CIVIL LINES,Mama's Kitchen,496,35
ORD-03011,2026-06-06,C0457,Kamla Nagar,Kamla Nagar Chaat Corner,148,32
ORD-03012,2026-06-06,C0598,Sikandra,Mama's Kitchen,₹371,72
ORD-03013,2026-06-06,C0692,Sanjay Place,Green Bowl Salads,257.00,29
ORD-03014,2026-06-06,C0771,Sanjay Place,Kamla Nagar Chaat Corner,90.00,46
ORD-03015,2026-06-06,C1058,Tajganj,Taj Biryani Co,173,22
ORD-03016,2026-06-06,C1091,Civil Lines,mamas kitchen ,₹373,33
ORD-03017,2026-06-07,C0007,Civil Lines,MAMAS KITCHEN,₹167,20
ORD-03018,2026-06-07,C0043,Tajganj,Kamla Nagar Chaat Corner,₹151,26
ORD-03019,2026-06-07,C0137,Kamla Nagar,Green Bowl Salads,242.00,31
ORD-03020,2026-06-07,C0218,Shahganj,Agra Tandoor House,₹199,62
ORD-03021,2026-06-07,C0337,Tajganj,Crust & Co Pizza,434.00,38
ORD-03022,07/06/2026,C0383,Kamla Nagar,Green Bowl Salads,308,30 min
ORD-03023,Jun 07 2026,C0393,Dayalbagh,Southern Spice,222,29
ORD-03024,Jun 07 2026,C0463,Kamla Nagar,Petha Point Cafe,₹139,32 min
ORD-03025,2026-06-07,C0539,Balkeshwar,Petha Point Cafe,₹186,36
ORD-03026,2026-06-07,C0578,Kamla Nagar,Green Bowl Salads,₹332,20
ORD-03027,Jun 07 2026,C0657,Sanjay Place,Agra Tandoor House,₹336,36
ORD-03028,2026-06-07,C0738,Sikandra,Mama's Kitchen,₹254,65
ORD-03029,2026-06-07,C0740,Sanjay Place,Kamla Nagar Chaat Corner,123,40
ORD-03030,Jun 07 2026,C0790,sanjay place ,MAMAS KITCHEN,436,31
ORD-03031,2026-06-07,C0795,Civil Lines,mamas kitchen ,393,28
ORD-03032,2026-06-07,C0852,Tajganj,Petha Point Cafe,₹165,19
ORD-03033,2026-06-07,C0903,Dayalbagh,Crust & Co Pizza,446,29
ORD-03034,2026-06-07,C0923,Sanjay Place,Taj Biryani Co,₹380,36
ORD-03035,Jun 07 2026,C0930,Dayalbagh,Agra Tandoor House,372.00,31
ORD-03036,07/06/2026,C0945,Sikandra,MAMAS KITCHEN,255.00,62
ORD-03037,2026-06-07,C1036,Sanjay Place,Agra Tandoor House,₹298,33
ORD-03038,08/06/2026,C0027,Sikandra,Mama's Kitchen - Agra,₹312,61
ORD-03039,2026-06-08,C0102,Shahganj,Taj Biryani Co,₹312,69
ORD-03040,2026-06-08,C0268,Balkeshwar,Agra Tandoor House,₹182,34
ORD-03041,2026-06-08,C0423,Tajganj,Crust & Co Pizza,388,44
ORD-03042,Jun 08 2026,C0428,Balkeshwar,Agra Tandoor House,232.00,36
ORD-03043,Jun 08 2026,C0460,SHAHGANJ,Agra Tandoor House,348.00,58 min
ORD-03044,2026-06-08,C0488,Dayalbagh,MAMAS KITCHEN,451,35
ORD-03045,Jun 08 2026,C0589,Tajganj,Petha Point Cafe,₹196,33
ORD-03046,08/06/2026,C0629,Civil Lines,Crust & Co Pizza,577.00,
ORD-03047,08/06/2026,C0648,Dayalbagh,Green Bowl Salads,226,24
ORD-03048,08/06/2026,C0739,Tajganj,Kamla Nagar Chaat Corner,₹115,42
ORD-03049,08/06/2026,C0757,Sanjay Place,Crust & Co Pizza,410,30
ORD-03050,Jun 08 2026,C0768,Balkeshwar,Southern Spice,₹269,
ORD-03051,08/06/2026,C0781,Civil Lines,Petha Point Cafe,₹194,
ORD-03052,2026-06-09,C0017,SANJAY PLACE,Green Bowl Salads,286,34 min
ORD-03053,2026-06-09,C0020,Shahganj,Agra Tandoor House,₹357,63
ORD-03054,2026-06-09,C0298,Kamla Nagar,Kamla Nagar Chaat Corner,146.00,33
ORD-03055,2026-06-09,C0311,Balkeshwar,Mama's Kitchen - Agra,₹280,28
ORD-03056,2026-06-09,C0345,KAMLA NAGAR,MAMAS KITCHEN,271,37
ORD-03057,2026-06-09,C0432,Civil Lines,Kamla Nagar Chaat Corner,135.00,24
ORD-03058,09/06/2026,C0476,Balkeshwar,Petha Point Cafe,207.00,35
ORD-00867,Mar 01 2026,C0021,Balkeshwar,Mama's Kitchen,₹456,30
ORD-03059,Jun 09 2026,C0601,Civil Lines,Agra Tandoor House,₹160,30
ORD-03060,2026-06-09,C0609,SANJAY PLACE,Kamla Nagar Chaat Corner,201.00,36
ORD-03061,09/06/2026,C0652,Balkeshwar,Agra Tandoor House,₹301,31
ORD-03062,2026-06-09,C0672,Civil Lines,MAMAS KITCHEN,377,34
ORD-03063,Jun 09 2026,C0770,Tajganj,Petha Point Cafe,128,37
ORD-03064,2026-06-09,C0789,Dayalbagh,Petha Point Cafe,131.00,39
ORD-03065,2026-06-09,C0850,BALKESHWAR,Green Bowl Salads,₹289,39
ORD-03066,09/06/2026,C0858,Tajganj,Crust & Co Pizza,417,37
ORD-03067,2026-06-09,C1063,Kamla Nagar,Mama's Kitchen,330.00,29 min
ORD-03068,10/06/2026,C0104,Balkeshwar,Southern Spice,321.00,35
ORD-03069,10/06/2026,C0181,Dayalbagh,Crust & Co Pizza,₹497,36
ORD-03070,2026-06-10,C0211,DAYALBAGH,Kamla Nagar Chaat Corner,₹171,32
ORD-03071,2026-06-10,C0220,Dayalbagh,Petha Point Cafe,₹232,29
ORD-03072,2026-06-10,C0229,Balkeshwar,Southern Spice,230.00,38
ORD-03073,Jun 10 2026,C0417,Dayalbagh,Green Bowl Salads,₹192,32 min
ORD-03074,2026-06-10,C0571,kamla nagar ,MAMAS KITCHEN,₹275,29 min
ORD-03075,10/06/2026,C0726,Kamla Nagar,Green Bowl Salads,223.00,34
ORD-03076,2026-06-10,C0860,Sikandra,Southern Spice,₹350,57
ORD-03172,19/06/2026,C0220,DAYALBAGH,Taj Biryani Co,285,30
ORD-03077,10/06/2026,C0905,Dayalbagh,MAMAS KITCHEN,₹360,38
ORD-03078,10/06/2026,C0974,Balkeshwar,Mama's Kitchen,270.00,32
ORD-03079,2026-06-10,C1095,Sanjay Place,Petha Point Cafe,228,25
ORD-03080,11/06/2026,C0221,Balkeshwar,Agra Tandoor House,233,19
ORD-03081,2026-06-11,C0249,Balkeshwar,Kamla Nagar Chaat Corner,154,37
ORD-03082,2026-06-11,C0295,dayalbagh ,Taj Biryani Co,202,20
ORD-03083,11/06/2026,C0305,Civil Lines,Southern Spice,325,37
ORD-03084,11/06/2026,C0388,Kamla Nagar,Southern Spice,223,32
ORD-03085,2026-06-11,C0493,Shahganj,Mama's Kitchen - Agra,₹246,60
ORD-03086,11/06/2026,C0597,Tajganj,Kamla Nagar Chaat Corner,167,39
ORD-03087,2026-06-11,C0607,Sanjay Place,MAMAS KITCHEN,288.00,31
ORD-03088,2026-06-11,C0639,Dayalbagh,Agra Tandoor House,233.00,39
ORD-03089,2026-06-11,C0642,Civil Lines,Crust & Co Pizza,388,32
ORD-03090,Jun 11 2026,C0919,Balkeshwar,Petha Point Cafe,₹216,35
ORD-03091,2026-06-11,C0995,Balkeshwar,Crust & Co Pizza,376.00,49 min
ORD-03092,12/06/2026,C0036,Kamla Nagar,Mama's Kitchen,257.00,28
ORD-03093,12/06/2026,C0089,Sanjay Place,Mama's Kitchen - Agra,₹232,28
ORD-03094,2026-06-12,C0214,KAMLA NAGAR,Taj Biryani Co,₹152,44 min
ORD-03095,2026-06-12,C0253,Shahganj,Taj Biryani Co,₹300,59
ORD-03096,2026-06-12,C0337,Tajganj,Mama's Kitchen,453.00,28
ORD-02230,2026-04-28,C0126,Dayalbagh,Mama's Kitchen,412,29
ORD-03097,Jun 12 2026,C0351,Dayalbagh,Agra Tandoor House,₹278,27
ORD-03098,2026-06-12,C0377,Tajganj,Crust & Co Pizza,441.00,27
ORD-03099,12/06/2026,C0444,TAJGANJ,Petha Point Cafe,₹145,35
ORD-03100,12/06/2026,C0740,SANJAY PLACE,Kamla Nagar Chaat Corner,169,42
ORD-03101,12/06/2026,C0761,Kamla Nagar,Green Bowl Salads,346.00,35
ORD-03102,2026-06-13,C0088,DAYALBAGH,Southern Spice,319.00,34 min
ORD-03103,Jun 13 2026,C0176,Balkeshwar,mamas kitchen ,453,37
ORD-03104,2026-06-13,C0187,Tajganj,Agra Tandoor House,235.00,30
ORD-03105,2026-06-13,C0231,Civil Lines,Taj Biryani Co,402.00,25
ORD-03106,13/06/2026,C0332,Tajganj,MAMAS KITCHEN,₹363,17
ORD-03107,Jun 13 2026,C0339,kamla nagar ,Southern Spice,312,38
ORD-03108,13/06/2026,C0407,Dayalbagh,Petha Point Cafe,₹80,13
ORD-03109,2026-06-13,C0429,SHAHGANJ,Agra Tandoor House,₹466,61
ORD-03110,2026-06-13,C0476,Balkeshwar,Agra Tandoor House,310.00,29
ORD-03111,13/06/2026,C0504,dayalbagh ,Southern Spice,162,35 min
ORD-03112,13/06/2026,C0544,SHAHGANJ,Mama's Kitchen - Agra,120,58
ORD-03113,13/06/2026,C0656,Shahganj,Petha Point Cafe,₹184,64
ORD-03114,13/06/2026,C0913,Kamla Nagar,Mama's Kitchen - Agra,₹229,25
ORD-03115,13/06/2026,C0949,kamla nagar ,Southern Spice,224,34
ORD-01706,2026-04-04,C0882,Sikandra,Mama's Kitchen,₹539,50
ORD-03116,2026-06-13,C1094,KAMLA NAGAR,Taj Biryani Co,308,33
ORD-03117,2026-06-14,C0068,Tajganj,Taj Biryani Co,340,39
ORD-03118,Jun 14 2026,C0159,Dayalbagh,Mama's Kitchen - Agra,419.00,22 min
ORD-03119,2026-06-14,C0433,Tajganj,Agra Tandoor House,370,44
ORD-03120,14/06/2026,C0657,sanjay place ,Kamla Nagar Chaat Corner,124,37
ORD-03121,14/06/2026,C0794,Civil Lines,mamas kitchen ,356,32 min
ORD-03122,2026-06-14,C0797,Tajganj,Kamla Nagar Chaat Corner,147,33
ORD-03123,14/06/2026,C0895,Sanjay Place,Mama's Kitchen - Agra,438.00,26
ORD-03124,2026-06-14,C0930,DAYALBAGH,Agra Tandoor House,472.00,45
ORD-03125,14/06/2026,C0977,Dayalbagh,Green Bowl Salads,₹242,46
ORD-03126,Jun 15 2026,C0047,Dayalbagh,Kamla Nagar Chaat Corner,₹163,25
ORD-03127,15/06/2026,C0257,KAMLA NAGAR,Green Bowl Salads,₹280,28
ORD-03128,Jun 15 2026,C0470,Sanjay Place,Mama's Kitchen - Agra,371,32
ORD-03129,2026-06-15,C0654,Balkeshwar,Agra Tandoor House,211.00,
ORD-03130,2026-06-15,C0672,Civil Lines,Petha Point Cafe,116.00,33
ORD-03131,Jun 15 2026,C0865,Civil Lines,MAMAS KITCHEN,226.00,36 min
ORD-03132,15/06/2026,C0934,Civil Lines,Mama's Kitchen,257.00,34
ORD-03133,Jun 16 2026,C0005,Shahganj,Crust & Co Pizza,370,63
ORD-03134,16/06/2026,C0034,Balkeshwar,Agra Tandoor House,402.00,34
ORD-03135,16/06/2026,C0104,Balkeshwar,Southern Spice,353,40
ORD-03136,2026-06-16,C0140,BALKESHWAR,Southern Spice,207.00,
ORD-03137,16/06/2026,C0186,Balkeshwar,Southern Spice,201,23
ORD-03138,2026-06-16,C0221,Balkeshwar,Kamla Nagar Chaat Corner,114.00,45
ORD-03139,2026-06-16,C0280,Tajganj,Southern Spice,389,33
ORD-03140,16/06/2026,C0309,Kamla Nagar,Petha Point Cafe,192,31
ORD-03141,2026-06-16,C0420,SANJAY PLACE,Kamla Nagar Chaat Corner,80,27
ORD-03142,2026-06-16,C0578,Kamla Nagar,Crust & Co Pizza,209.00,44
ORD-03143,2026-06-16,C0607,Sanjay Place,Green Bowl Salads,164,28
ORD-03144,Jun 16 2026,C0646,Sanjay Place,Green Bowl Salads,222.00,25
ORD-03145,2026-06-16,C0696,Kamla Nagar,Southern Spice,,32
ORD-03146,2026-06-16,C0725,Tajganj,Kamla Nagar Chaat Corner,139,40 min
ORD-03147,2026-06-16,C0995,Balkeshwar,Kamla Nagar Chaat Corner,₹170,31
ORD-03148,2026-06-17,C0184,balkeshwar ,Mama's Kitchen,₹420,19
ORD-03149,2026-06-17,C0187,tajganj ,Taj Biryani Co,239,20
ORD-03150,17/06/2026,C0463,Kamla Nagar,Mama's Kitchen,439,32
ORD-03151,2026-06-17,C0619,Sanjay Place,mamas kitchen ,275.00,31
ORD-03152,17/06/2026,C0623,Civil Lines,Green Bowl Salads,₹221,38
ORD-03153,2026-06-17,C0772,shahganj ,MAMAS KITCHEN,384.00,63
ORD-03154,2026-06-17,C0869,Shahganj,Mama's Kitchen - Agra,₹352,69
ORD-03155,17/06/2026,C0919,Balkeshwar,Taj Biryani Co,₹299,
ORD-03156,2026-06-18,C0023,Balkeshwar,Taj Biryani Co,325,39
ORD-03157,2026-06-18,C0125,Civil Lines,Taj Biryani Co,373,33 min
ORD-03158,Jun 18 2026,C0305,Civil Lines,Crust & Co Pizza,537,47
ORD-03159,2026-06-18,C0345,Kamla Nagar,Mama's Kitchen,349,
ORD-03160,2026-06-18,C0411,DAYALBAGH,Taj Biryani Co,₹436,32
ORD-03161,18/06/2026,C0437,Civil Lines,Kamla Nagar Chaat Corner,₹171,45
ORD-03162,18/06/2026,C0466,Dayalbagh,Green Bowl Salads,296,
ORD-03163,2026-06-18,C0582,Civil Lines,Mama's Kitchen - Agra,₹310,35
ORD-03164,2026-06-18,C0617,kamla nagar ,Petha Point Cafe,₹265,30
ORD-03165,2026-06-18,C0635,Kamla Nagar,mamas kitchen ,359,47
ORD-03166,2026-06-18,C0642,Civil Lines,Southern Spice,239,32
ORD-03167,2026-06-18,C0648,Dayalbagh,Crust & Co Pizza,₹332,30
ORD-01137,Mar 12 2026,C0993,Sikandra,Crust & Co Pizza,191.00,43
ORD-03168,2026-06-18,C0740,Sanjay Place,Kamla Nagar Chaat Corner,₹183,35
ORD-03169,2026-06-18,C0759,Shahganj,Crust & Co Pizza,397,65
ORD-01090,2026-03-10,C0908,Balkeshwar,Petha Point Cafe,₹230,29
ORD-03170,2026-06-19,C0002,civil lines ,Southern Spice,267.00,26
ORD-03171,2026-06-19,C0160,Sanjay Place,Crust & Co Pizza,₹541,35
ORD-03172,19/06/2026,C0220,DAYALBAGH,Taj Biryani Co,285,30
ORD-03173,2026-06-19,C0288,Balkeshwar,Taj Biryani Co,310,22
ORD-03174,2026-06-19,C0323,Balkeshwar,MAMAS KITCHEN,₹360,30
ORD-03175,2026-06-19,C0360,Sikandra,Mama's Kitchen - Agra,₹288,70
ORD-00278,2026-01-29,C0004,Shahganj,Mama's Kitchen,₹291,24 min
ORD-03176,2026-06-19,C0428,balkeshwar ,Mama's Kitchen,418.00,38
ORD-03177,19/06/2026,C0451,Kamla Nagar,Petha Point Cafe,₹171,29
ORD-03178,19/06/2026,C0460,Shahganj,Agra Tandoor House,₹150,55
ORD-03179,19/06/2026,C0566,Balkeshwar,Mama's Kitchen - Agra,202.00,26
ORD-03180,2026-06-19,C0671,Civil Lines,Agra Tandoor House,88,22
ORD-03181,2026-06-19,C0921,Balkeshwar,Mama's Kitchen,331.00,38 min
ORD-03182,2026-06-20,C0043,Tajganj,Taj Biryani Co,₹306,28 min
ORD-03183,20/06/2026,C0089,Sanjay Place,Taj Biryani Co,342.00,30
ORD-03184,20/06/2026,C0126,Dayalbagh,Green Bowl Salads,₹261,41
ORD-03185,2026-06-20,C0146,Tajganj,Kamla Nagar Chaat Corner,₹207,32
ORD-03186,2026-06-20,C0179,Dayalbagh,Taj Biryani Co,₹364,34
ORD-03187,Jun 20 2026,C0343,Sanjay Place,Petha Point Cafe,96,25 min
ORD-03188,2026-06-20,C0607,sanjay place ,Agra Tandoor House,316,48
ORD-03189,2026-06-20,C0814,Balkeshwar,Southern Spice,₹299,21
ORD-03190,2026-06-20,C0849,Balkeshwar,Agra Tandoor House,₹416,39
ORD-03191,2026-06-20,C0889,Sanjay Place,Agra Tandoor House,270.00,30
ORD-03192,Jun 20 2026,C0905,Dayalbagh,Green Bowl Salads,184,16
ORD-03193,2026-06-20,C0923,Sanjay Place,mamas kitchen ,386,30
ORD-03194,20/06/2026,C1098,BALKESHWAR,Petha Point Cafe,241,19
ORD-03195,Jun 21 2026,C0068,Tajganj,Agra Tandoor House,314.00,24
ORD-03196,21/06/2026,C0303,Kamla Nagar,Mama's Kitchen,₹229,33
ORD-03197,Jun 21 2026,C0311,Balkeshwar,MAMAS KITCHEN,₹353,33
ORD-03198,2026-06-21,C0377,Tajganj,Taj Biryani Co,211,40
ORD-03199,2026-06-21,C0470,Sanjay Place,Agra Tandoor House,₹271,27 min
ORD-03200,21/06/2026,C0646,Sanjay Place,Agra Tandoor House,209,33
ORD-03201,Jun 21 2026,C0672,civil lines ,Crust & Co Pizza,343.00,33 min
ORD-03202,2026-06-21,C0692,Sanjay Place,Petha Point Cafe,₹164,22
ORD-03203,2026-06-21,C0707,DAYALBAGH,mamas kitchen ,261,25
ORD-03204,2026-06-21,C0797,Tajganj,Southern Spice,₹263,24
ORD-03205,2026-06-21,C0846,Balkeshwar,Mama's Kitchen,₹256,34
ORD-03206,2026-06-21,C0903,Dayalbagh,Taj Biryani Co,207.00,30 min
ORD-03207,2026-06-21,C1063,Kamla Nagar,Petha Point Cafe,186,28
ORD-03208,Jun 22 2026,C0257,kamla nagar ,mamas kitchen ,₹312,31
ORD-03209,2026-06-22,C0411,Dayalbagh,Agra Tandoor House,406.00,44 min
ORD-03210,2026-06-22,C0488,Dayalbagh,Crust & Co Pizza,533,41
ORD-03211,Jun 22 2026,C0506,Kamla Nagar,Mama's Kitchen,445.00,43
ORD-03212,2026-06-22,C0548,Tajganj,MAMAS KITCHEN,438,42
ORD-03213,22/06/2026,C0653,Dayalbagh,Kamla Nagar Chaat Corner,141,31 min
ORD-03214,2026-06-22,C1073,Dayalbagh,Taj Biryani Co,₹327,24
ORD-03215,23/06/2026,C0017,Sanjay Place,Taj Biryani Co,359.00,31
ORD-03216,2026-06-23,C0066,Dayalbagh,Petha Point Cafe,157,25
ORD-03217,23/06/2026,C0113,Sanjay Place,Southern Spice,102,24 min
ORD-03218,2026-06-23,C0182,KAMLA NAGAR,Green Bowl Salads,301,30 min
ORD-03219,2026-06-23,C0229,Balkeshwar,Kamla Nagar Chaat Corner,₹177,38
ORD-03220,23/06/2026,C0393,Dayalbagh,Mama's Kitchen,₹248,23
ORD-03221,2026-06-23,C0455,Balkeshwar,MAMAS KITCHEN,379,30
ORD-03222,2026-06-23,C0589,Tajganj,Agra Tandoor House,₹248,44
ORD-03223,2026-06-23,C0751,dayalbagh ,mamas kitchen ,₹283,
ORD-03224,Jun 23 2026,C0865,Civil Lines,Crust & Co Pizza,₹452,25
ORD-03225,24/06/2026,C0092,TAJGANJ,Mama's Kitchen,384,35
ORD-03226,24/06/2026,C0132,Civil Lines,Agra Tandoor House,309,
ORD-03227,24/06/2026,C0388,Kamla Nagar,Southern Spice,206,30
ORD-03228,24/06/2026,C0575,Kamla Nagar,Taj Biryani Co,₹382,27
ORD-03229,2026-06-24,C0895,Sanjay Place,Petha Point Cafe,163,22
ORD-03230,2026-06-24,C0919,Balkeshwar,Crust & Co Pizza,364,24
ORD-03231,24/06/2026,C1058,Tajganj,Mama's Kitchen,₹414,24
ORD-03232,2026-06-24,C1095,Sanjay Place,MAMAS KITCHEN,₹322,30
ORD-03233,25/06/2026,C0295,Dayalbagh,Taj Biryani Co,₹391,16
ORD-03234,25/06/2026,C0305,civil lines ,Kamla Nagar Chaat Corner,92.00,24
ORD-03235,2026-06-25,C0377,Tajganj,Green Bowl Salads,382.00,26
ORD-03236,25/06/2026,C0597,Tajganj,Mama's Kitchen - Agra,₹464,35
ORD-03237,2026-06-25,C0683,SHAHGANJ,Mama's Kitchen - Agra,₹416,57
ORD-03238,2026-06-25,C0738,SIKANDRA,Kamla Nagar Chaat Corner,₹145,65
ORD-03239,2026-06-25,C0789,Dayalbagh,MAMAS KITCHEN,₹355,37
ORD-03240,2026-06-25,C0795,CIVIL LINES,Agra Tandoor House,₹373,35
ORD-03241,25/06/2026,C0850,Balkeshwar,Agra Tandoor House,₹448,30 min
ORD-03242,Jun 25 2026,C0923,Sanjay Place,Taj Biryani Co,265,29
ORD-03243,2026-06-25,C0930,Dayalbagh,Crust & Co Pizza,310.00,36
ORD-03244,25/06/2026,C1091,civil lines ,Agra Tandoor House,,32
ORD-03245,2026-06-26,C0020,Shahganj,Crust & Co Pizza,₹347,59
ORD-03246,Jun 26 2026,C0068,Tajganj,mamas kitchen ,₹394,33
ORD-03247,Jun 26 2026,C0140,Balkeshwar,Crust & Co Pizza,466,22
ORD-00230,25/01/2026,C0057,kamla nagar ,Southern Spice,226,26
ORD-03248,2026-06-26,C0179,Dayalbagh,Taj Biryani Co,₹424,39
ORD-03249,2026-06-26,C0566,Balkeshwar,Green Bowl Salads,₹179,31
ORD-03250,Jun 26 2026,C0571,Kamla Nagar,Mama's Kitchen - Agra,₹199,34
ORD-03251,2026-06-26,C0661,Kamla Nagar,MAMAS KITCHEN,249.00,34
ORD-03252,26/06/2026,C0858,Tajganj,Taj Biryani Co,₹362,39
ORD-03253,2026-06-27,C0160,Sanjay Place,Mama's Kitchen,279,43
ORD-03254,2026-06-27,C0176,Balkeshwar,Taj Biryani Co,₹314,36
ORD-03255,2026-06-27,C0211,Dayalbagh,Mama's Kitchen - Agra,415.00,46
ORD-03256,2026-06-27,C0280,Tajganj,Green Bowl Salads,176.00,30
ORD-03257,2026-06-27,C0499,Balkeshwar,Crust & Co Pizza,₹340,33
ORD-03258,27/06/2026,C0623,Civil Lines,Green Bowl Salads,393,26 min
ORD-03259,2026-06-27,C0653,Dayalbagh,Agra Tandoor House,₹225,39
ORD-03260,2026-06-27,C0725,Tajganj,Kamla Nagar Chaat Corner,₹123,27
ORD-03261,2026-06-27,C0757,Sanjay Place,Mama's Kitchen - Agra,₹312,32 min
ORD-03262,Jun 27 2026,C0846,Balkeshwar,Crust & Co Pizza,392,35
ORD-03263,28/06/2026,C0089,Sanjay Place,Agra Tandoor House,470.00,
ORD-03264,28/06/2026,C0137,Kamla Nagar,Taj Biryani Co,198,31
ORD-03265,2026-06-28,C0254,Balkeshwar,Taj Biryani Co,294.00,19
ORD-03266,2026-06-28,C0298,Kamla Nagar,Southern Spice,175.00,41
ORD-03267,2026-06-28,C0332,Tajganj,Kamla Nagar Chaat Corner,149.00,31
ORD-03268,Jun 28 2026,C0383,kamla nagar ,Taj Biryani Co,165.00,32
ORD-03269,28/06/2026,C0432,Civil Lines,Crust & Co Pizza,510.00,29
ORD-03270,2026-06-28,C0470,Sanjay Place,Mama's Kitchen,460.00,28
ORD-03271,28/06/2026,C0639,dayalbagh ,MAMAS KITCHEN,299,31
ORD-03272,28/06/2026,C0726,Kamla Nagar,Green Bowl Salads,225,32
ORD-03273,28/06/2026,C0740,SANJAY PLACE,Mama's Kitchen,295,39
ORD-03274,2026-06-28,C0913,Kamla Nagar,Crust & Co Pizza,₹440,29
ORD-03275,2026-06-28,C0919,Balkeshwar,Southern Spice,₹306,35
ORD-03276,2026-06-29,C0023,Balkeshwar,Agra Tandoor House,312,39
ORD-03277,29/06/2026,C0220,DAYALBAGH,Kamla Nagar Chaat Corner,₹134,36
ORD-03278,Jun 29 2026,C0268,balkeshwar ,MAMAS KITCHEN,₹190,35
ORD-00105,Jan 14 2026,C0816,Shahganj,Taj Biryani Co,₹233,29
ORD-03279,2026-06-29,C0339,Kamla Nagar,Petha Point Cafe,₹187,37
ORD-03280,2026-06-29,C0423,Tajganj,Petha Point Cafe,₹140,18
ORD-03281,2026-06-29,C0426,Civil Lines,Crust & Co Pizza,₹435,40 min
ORD-03282,29/06/2026,C0437,CIVIL LINES,Taj Biryani Co,₹262,45
ORD-03283,2026-06-29,C0451,Kamla Nagar,Southern Spice,166,37
ORD-03284,2026-06-29,C0488,Dayalbagh,Agra Tandoor House,446,30
ORD-03285,2026-06-29,C0539,balkeshwar ,Green Bowl Salads,₹242,36
ORD-03286,29/06/2026,C0589,Tajganj,Petha Point Cafe,₹190,42
ORD-03287,2026-06-29,C0617,KAMLA NAGAR,Agra Tandoor House,₹406,37 min
ORD-03288,2026-06-29,C0672,CIVIL LINES,Kamla Nagar Chaat Corner,₹198,35
ORD-03289,2026-06-29,C0761,KAMLA NAGAR,Crust & Co Pizza,360,35
ORD-03290,29/06/2026,C0790,Sanjay Place,Kamla Nagar Chaat Corner,94,24
ORD-03291,2026-06-29,C0794,CIVIL LINES,Southern Spice,₹365,41
ORD-03292,Jun 29 2026,C0895,Sanjay Place,MAMAS KITCHEN,311,33
ORD-03293,2026-06-29,C1095,Sanjay Place,Petha Point Cafe,131.00,28
ORD-03294,2026-06-30,C0388,kamla nagar ,Southern Spice,182,30 min
ORD-00605,2026-02-17,C0281,Sikandra,mamas kitchen ,215.00,35
ORD-03295,30/06/2026,C0476,Balkeshwar,Agra Tandoor House,₹270,
ORD-03296,2026-06-30,C0646,Sanjay Place,Agra Tandoor House,301,23
ORD-03297,2026-06-30,C0852,TAJGANJ,Green Bowl Salads,291,34
ORD-03298,2026-06-30,C0865,CIVIL LINES,Agra Tandoor House,₹385,36
ORD-03299,2026-06-30,C0903,Dayalbagh,Kamla Nagar Chaat Corner,₹143,37
ORD-03300,2026-06-30,C1091,Civil Lines,Petha Point Cafe,152.00,26
